year,1 産 業;1 Industries,"1) 農林水産業;1) Agriculture, forestry and fishery",2) 鉱業;2) Mining,3) 製造業;3) Manufacturing,ａ 食料品;a Food and beverages,ｂ 繊維;b Textiles,"ｃ パルプ・紙;c Pulp, paper and paper products",ｄ 化学;d Chemicals,ｅ 石油・石炭製品;e Petroleum and coal products,ｆ 窯業・土石製品;f Non-metallic mineral products,ｇ 一次金属;g Basic metal,ｈ 金属製品;h Fabricated metal products,ｉ 一般機械;i Machinery,"ｊ 電気機械;j Electrical machinery, equipment and supplies",ｋ 輸送機械;k Transport equipment,ｌ 精密機械;l Precision instrument,ｍ その他の製造業;m Others,4) 建設業;4) Construction,"5) 電気・ガス・水道業;5) Electricity, gas and water supply",6) 卸売・小売業;6) Wholesale and retail trade,7) 金融・保険業;7) Finance and insurance,8) 不動産業;8) Real estate,9) 運輸・通信業;9) Transportation and communication,運輸通信業/94~情報通信業,10) サービス業;10) Services,category
1955,100.000,100.000,100.000,100.000,100.000,100.000,100.000,100.000,100.000,100.000,100.000,100.000,100.000,100.000,100.000,100.000,100.000,100.000,100.000,100.000,100.000,100.000,100.000,100.000,100.000,output
1956,108.560,100.000,105.341,109.630,99.013,104.494,100.783,102.344,101.953,98.795,130.213,113.580,106.110,100.735,106.845,100.955,102.536,113.529,100.816,102.606,106.997,114.458,104.348,104.348,102.158,output
1957,114.786,105.830,112.463,114.321,101.974,96.790,106.527,98.633,114.062,103.916,138.936,121.235,115.682,103.253,111.352,99.318,107.246,122.941,101.224,105.863,114.286,126.506,109.486,109.486,105.755,output
1958,108.560,102.691,109.496,106.173,102.632,86.998,100.261,100.000,107.031,101.205,113.830,111.111,114.053,105.037,111.018,96.180,103.261,112.353,101.633,103.909,108.746,138.554,106.719,106.719,107.194,output
1959,113.230,101.794,104.154,110.123,103.618,91.653,102.872,101.367,115.234,100.602,114.255,112.593,113.849,103.987,109.015,94.407,109.420,120.000,102.041,104.886,107.289,154.217,107.115,107.115,112.950,output
1960,119.066,105.830,103.561,113.333,107.237,91.974,98.956,102.148,117.188,102.711,113.830,112.840,114.664,104.407,108.347,93.452,113.043,122.941,108.980,109.772,108.455,167.470,107.115,107.115,120.144,output
1961,126.459,115.695,102.671,115.802,109.211,91.974,102.089,104.102,110.938,106.024,112.340,115.062,117.108,106.296,108.514,96.317,122.464,134.706,115.510,114.658,114.577,185.542,111.858,111.858,129.496,output
1962,128.794,121.525,103.264,114.074,110.855,89.567,101.305,101.172,107.031,111.446,104.468,112.593,117.923,106.401,107.346,93.452,125.362,139.412,123.673,117.264,118.659,198.795,112.648,112.648,142.446,output
1963,133.852,132.287,100.890,114.815,117.434,96.629,103.394,103.906,107.422,111.446,105.106,108.889,117.108,105.142,106.511,95.634,124.638,145.294,123.265,122.801,122.449,218.072,113.834,113.834,156.835,output
1964,138.911,137.220,105.045,116.296,118.092,93.900,108.094,104.688,106.641,111.747,107.447,110.123,116.497,104.197,105.342,98.090,125.725,150.000,123.265,126.384,127.114,248.193,120.553,120.553,165.468,output
1965,142.802,149.776,109.496,116.790,124.342,91.653,105.483,105.859,108.594,110.843,107.447,110.123,117.515,105.456,104.508,97.135,127.899,153.529,124.082,131.922,131.487,278.313,122.530,122.530,178.417,output
1966,148.638,160.090,114.540,118.519,128.618,92.616,106.789,104.297,106.250,112.952,109.787,110.864,118.941,107.345,105.509,97.271,132.971,164.706,124.490,137.785,137.318,307.229,129.249,129.249,184.892,output
1967,155.642,178.027,121.958,121.975,130.263,98.234,109.138,105.469,105.469,118.373,111.064,114.568,121.385,107.975,105.676,98.772,137.681,178.824,124.898,142.020,144.315,331.325,130.830,130.830,190.647,output
1968,160.311,190.135,125.816,123.951,136.842,98.876,108.355,103.906,105.469,119.880,108.298,114.815,122.811,107.870,105.342,98.772,141.667,184.706,125.714,147.883,151.020,349.398,133.202,133.202,202.158,output
1969,165.370,195.964,130.267,126.667,141.776,98.074,111.227,105.664,101.172,120.783,111.915,117.531,123.625,108.604,104.508,100.273,147.464,191.176,126.939,152.117,156.268,374.699,136.759,136.759,210.791,output
1970,173.930,212.108,132.938,131.852,147.039,101.445,121.149,105.859,103.906,122.892,119.149,122.963,125.255,111.228,106.511,102.592,155.435,199.412,127.755,160.261,163.848,407.229,141.502,141.502,227.338,output
1971,177.043,215.247,134.718,132.099,154.276,100.161,119.843,106.445,117.188,125.602,113.404,122.469,127.088,108.080,109.182,103.547,157.609,205.882,127.755,164.495,163.265,439.759,149.802,149.802,242.446,output
1972,182.879,221.076,136.795,134.321,157.566,102.087,120.104,106.055,115.234,127.108,113.617,122.716,128.310,109.024,114.190,105.457,165.580,220.588,131.837,168.078,154.810,475.904,159.289,159.289,260.432,output
1973,210.506,272.646,155.786,154.074,168.750,133.708,144.909,119.141,128.906,143.072,131.064,137.037,140.733,115.215,124.875,114.325,211.232,265.294,139.592,193.485,181.633,514.458,175.099,175.099,294.964,output
1974,266.537,331.839,213.353,199.259,207.237,134.510,221.932,158.984,244.531,196.988,177.021,186.667,178.819,140.923,148.581,138.745,266.304,336.471,195.918,248.534,251.020,551.807,205.138,205.138,366.187,output
1975,280.156,358.296,212.760,204.444,238.487,132.745,215.405,175.977,277.344,208.735,172.979,191.605,184.725,141.448,155.927,148.022,262.681,351.176,234.286,262.541,249.854,606.024,234.387,234.387,417.266,output
1976,300.778,394.619,211.573,216.049,258.224,147.673,215.405,185.352,299.609,217.771,186.596,196.790,183.910,141.133,161.269,149.113,275.362,378.235,263.673,279.153,261.808,667.470,260.474,260.474,454.676,output
1977,314.397,415.695,219.585,221.235,266.447,146.870,225.326,186.328,308.984,227.711,189.149,203.457,187.576,142.288,164.441,150.477,285.507,398.824,305.714,289.577,260.058,728.916,296.838,296.838,484.173,output
1978,318.677,407.175,232.047,219.753,274.342,150.562,208.094,178.320,270.703,240.361,191.064,204.691,187.576,137.775,163.773,146.521,284.420,411.765,304.898,290.879,261.808,786.747,312.253,312.253,515.108,output
1979,334.630,419.283,261.721,232.346,269.079,156.501,218.016,197.852,348.047,256.325,204.681,212.840,191.039,138.825,163.606,146.658,309.420,448.235,308.163,294.788,280.175,822.892,326.087,326.087,532.374,output
1980,368.482,439.462,299.703,260.494,290.461,164.366,278.590,237.891,529.688,296.687,227.660,230.123,199.389,141.028,171.452,149.113,347.101,495.294,421.633,310.423,307.289,855.422,344.269,344.269,564.029,output
1981,376.654,451.121,304.451,263.210,303.618,165.971,265.274,233.594,559.766,307.530,224.468,233.827,203.259,140.609,174.958,148.295,345.290,503.529,464.490,318.241,301.749,895.181,361.265,361.265,589.928,output
1982,382.490,440.807,295.252,264.198,306.250,168.700,262.924,231.250,575.781,309.940,224.255,231.111,204.481,139.244,178.130,145.839,347.464,512.941,470.612,323.779,330.612,932.530,376.285,376.285,609.353,output
1983,382.879,443.498,287.537,261.975,313.158,165.169,257.702,225.977,573.047,307.229,221.915,228.148,202.851,135.047,177.629,142.156,345.652,515.294,471.429,323.453,325.656,967.470,379.051,379.051,618.705,output
1984,386.381,447.534,290.801,262.963,325.329,168.700,266.057,220.898,539.453,307.229,221.489,232.593,203.259,132.529,177.629,141.201,348.913,524.706,478.776,325.407,306.997,996.386,384.190,384.190,632.374,output
1985,386.381,448.430,289.614,259.506,322.697,166.934,263.446,216.406,514.844,297.590,217.872,233.580,203.259,128.646,176.628,141.337,351.087,529.412,480.000,326.384,303.207,1026.506,384.190,384.190,650.360,output
1986,374.708,431.390,278.932,244.691,318.421,155.217,253.264,197.461,392.578,293.373,193.617,226.667,198.167,120.252,169.950,138.881,345.290,528.824,460.816,321.173,288.630,1056.627,380.632,380.632,656.835,output
1987,369.650,411.211,277.448,238.025,312.829,153.612,250.131,190.625,341.406,288.855,190.000,222.469,193.686,113.746,165.609,137.926,343.116,530.588,435.510,316.612,283.090,1091.566,380.237,380.237,664.029,output
1988,370.428,420.179,281.009,237.037,314.145,155.859,253.003,189.453,319.922,287.952,197.872,226.914,193.075,108.395,163.439,136.289,343.116,540.588,416.735,315.961,282.507,1120.482,380.237,380.237,672.662,output
1989,380.545,432.287,290.801,242.716,321.382,161.798,260.836,193.555,339.844,293.976,208.723,236.790,197.760,107.135,165.275,135.061,354.348,565.882,406.939,321.498,287.172,1162.651,386.561,386.561,697.842,output
1990,389.105,448.430,296.736,246.914,328.947,160.514,261.097,195.312,390.625,301.205,212.766,246.914,203.666,104.932,166.945,136.426,362.319,588.235,408.163,325.733,291.545,1204.819,395.257,395.257,719.424,output
1991,395.331,469.058,306.528,247.654,333.553,164.526,261.619,199.219,389.062,310.843,208.085,254.815,206.925,100.525,167.780,136.971,371.739,608.824,411.837,331.922,292.420,1248.193,403.557,403.557,738.849,output
1992,396.109,446.188,312.166,244.198,338.816,160.353,256.397,189.258,370.312,309.639,193.191,254.321,208.758,97.167,169.783,137.244,373.551,620.000,414.694,332.248,291.254,1289.157,407.905,407.905,754.676,output
1993,393.774,456.054,309.199,238.025,338.158,151.364,253.525,181.641,351.172,306.024,181.064,243.457,208.147,93.179,167.947,136.835,373.188,622.353,415.102,330.293,289.504,1324.096,405.534,405.534,760.432,output
1994,388.716,444.843,325.223,230.864,334.539,148.154,248.825,176.758,334.375,298.494,169.787,231.111,204.277,88.458,165.943,133.970,368.478,618.235,409.796,327.036,290.962,1345.783,401.976,401.976,759.712,output
1995,386.149,429.910,332.401,228.316,327.591,146.279,259.162,180.882,335.045,295.730,171.253,227.289,202.785,84.422,163.255,131.482,366.024,615.823,409.796,321.293,298.273,1356.380,402.386,396.006,757.596,output
1996,384.315,427.552,323.842,225.979,329.907,149.597,259.900,178.133,359.838,292.966,167.066,225.716,202.598,79.598,164.599,131.719,364.271,618.235,402.526,317.364,311.066,1364.327,405.251,386.720,753.364,output
1997,387.983,419.693,322.738,227.466,335.201,153.347,259.654,182.061,385.972,295.454,172.928,228.638,204.650,76.258,166.541,132.549,368.478,629.092,419.744,320.386,313.625,1381.547,410.163,377.765,764.650,output
1998,384.682,424.409,312.799,224.705,336.194,150.751,253.255,178.525,361.179,292.690,169.159,224.142,204.837,74.171,168.184,132.785,366.024,617.632,407.883,317.364,311.066,1388.170,411.391,367.815,764.650,output
1999,378.081,409.476,294.854,218.546,337.518,145.557,245.626,174.401,368.550,287.439,160.994,218.072,198.680,70.228,161.462,129.232,361.466,607.378,399.082,314.341,309.239,1385.521,409.344,361.182,756.891,output
2000,375.514,393.757,282.706,216.210,335.532,147.289,250.056,178.918,430.198,283.017,160.994,216.273,195.322,66.471,155.786,126.863,358.311,607.378,404.056,311.923,308.508,1385.521,409.344,363.172,749.837,output
2001,372.581,389.434,276.909,213.024,332.554,147.289,247.102,178.329,454.321,280.253,159.319,213.800,194.203,62.018,155.189,126.863,356.207,598.934,404.056,306.180,346.888,1377.573,410.163,351.232,738.550,output
2002,367.447,377.645,271.939,209.201,330.238,145.269,241.442,174.794,480.455,274.725,160.366,212.002,191.218,57.194,154.143,124.968,349.897,590.490,397.169,300.438,369.186,1366.977,407.298,341.945,725.853,output
2003,364.513,389.434,268.350,206.440,329.907,143.394,246.118,177.740,505.248,271.685,165.600,212.901,187.860,52.184,152.202,121.769,347.092,591.696,390.282,298.926,375.400,1353.731,405.660,335.975,716.683,output
2004,365.246,408.690,271.111,208.139,333.547,142.961,249.071,185.007,553.494,271.961,187.582,217.847,185.995,49.122,149.961,119.400,346.391,597.125,388.751,301.042,372.110,1336.511,406.888,334.317,709.629,output
2005,366.713,392.971,276.080,212.387,330.900,144.259,246.118,196.398,670.090,276.383,209.355,224.816,186.554,46.386,149.364,118.453,350.598,603.156,382.629,302.251,365.530,1324.590,409.344,331.664,705.397,output
2006,370.014,397.687,283.534,217.484,331.230,149.308,247.594,205.628,784.006,280.805,228.197,229.088,187.860,44.809,150.857,117.268,356.909,613.410,390.664,305.576,357.489,1313.993,410.573,327.684,703.280,output
2007,372.947,392.578,294.854,221.519,336.525,153.636,257.193,215.448,830.242,283.293,245.365,235.158,189.539,43.000,152.202,116.557,362.869,625.473,394.873,308.599,348.350,1306.045,415.485,325.362,701.870,output
2008,379.915,393.364,311.695,229.165,352.408,156.521,273.437,223.304,1024.568,291.032,281.164,247.523,188.980,40.356,150.559,114.781,367.426,647.187,412.474,316.759,340.309,1303.396,421.215,323.372,703.280,output
2009,364.880,381.182,307.829,211.537,348.106,153.203,277.129,195.808,680.142,298.218,239.712,241.003,186.554,37.526,151.007,113.004,361.116,629.092,410.944,305.274,328.246,1292.800,404.842,318.065,699.754,output
2010,361.946,388.255,313.627,210.263,344.797,152.770,270.483,201.897,776.635,292.966,245.993,236.057,183.010,34.928,147.571,110.753,355.857,625.473,397.552,303.158,321.301,1276.904,402.795,312.759,695.521,output
2011,363.046,385.897,319.425,213.024,351.746,158.396,269.253,209.163,888.540,287.162,264.625,238.755,180.958,32.841,145.630,108.621,355.506,631.505,410.179,304.669,315.453,1258.360,401.976,309.442,693.405,output
2012,360.112,396.508,322.462,209.413,352.739,158.974,273.929,206.807,895.911,285.228,245.365,239.654,182.264,31.310,144.136,107.437,353.052,628.489,437.728,302.856,304.121,1242.465,402.795,307.452,691.994,output
2013,363.779,402.795,330.744,214.298,356.710,166.475,271.222,218.394,974.981,288.268,247.249,242.127,184.689,31.681,147.721,110.279,356.909,638.743,466.425,304.669,292.059,1227.895,408.526,305.131,694.110,output
2014,373.314,413.012,350.622,220.670,366.637,174.121,278.851,224.679,1025.238,295.177,257.507,253.593,189.726,31.867,151.754,112.767,368.478,662.869,503.157,313.132,292.424,1221.272,422.034,309.110,708.924,output
1955,100.000,100.000,100.000,100.000,100.000,100.000,100.000,100.000,100.000,100.000,100.000,100.000,100.000,100.000,100.000,100.000,100.000,100.000,100.000,100.000,100.000,100.000,100.000,100.000,100.000,intermediate
1956,109.302,101.342,106.912,110.748,99.432,104.422,103.704,104.511,111.017,103.560,119.321,129.310,118.736,113.143,116.637,107.102,105.202,110.065,106.367,101.288,103.017,107.083,105.490,105.490,105.405,intermediate
1957,114.244,105.369,111.982,114.252,103.125,98.288,111.111,105.764,116.525,108.738,126.327,128.079,123.312,111.429,119.320,107.102,112.139,118.506,114.981,103.863,106.897,112.917,111.373,111.373,110.473,intermediate
1958,106.395,102.349,107.834,104.907,99.432,92.867,106.173,102.256,112.712,104.207,107.219,108.128,111.111,103.143,110.197,102.303,106.936,110.714,108.614,102.575,103.879,106.667,105.882,105.882,109.122,intermediate
1959,108.721,101.342,109.677,106.308,99.148,91.869,108.642,101.504,106.780,103.883,106.582,113.300,111.765,104.714,110.733,101.536,111.850,113.312,105.993,103.004,104.310,108.333,107.059,107.059,111.486,intermediate
1960,110.174,102.013,112.903,106.075,98.864,87.447,107.716,100.752,103.390,102.589,106.157,110.099,111.111,103.714,110.018,99.616,113.873,112.987,106.742,102.146,107.759,111.667,107.451,107.451,112.500,intermediate
1961,113.953,110.738,119.355,108.411,101.989,89.016,112.654,102.005,101.695,105.178,105.945,109.606,112.418,102.714,110.197,101.727,121.676,119.156,106.742,105.579,113.793,119.583,109.804,109.804,114.527,intermediate
1962,112.500,111.409,121.198,105.607,104.261,87.304,112.346,100.251,98.305,106.796,98.514,105.419,110.893,101.000,108.229,100.192,120.231,119.481,105.243,109.442,117.241,122.083,110.588,110.588,114.865,intermediate
1963,115.116,117.450,122.581,107.243,113.068,93.866,114.198,100.501,98.305,107.120,99.575,107.389,110.022,99.857,106.977,101.344,123.121,119.156,105.243,116.738,121.552,122.917,112.549,112.549,117.568,intermediate
1964,116.860,121.141,123.963,108.411,113.920,91.869,118.827,101.003,97.881,108.414,101.486,110.099,110.675,101.571,106.440,102.879,122.543,119.805,105.243,122.747,125.862,124.167,115.686,115.686,119.595,intermediate
1965,118.023,127.852,126.267,108.178,116.761,88.302,116.049,101.504,97.034,109.385,102.760,110.345,111.765,103.286,106.261,103.455,121.676,120.455,107.865,129.185,130.603,125.417,118.431,118.431,122.635,intermediate
1966,121.802,134.899,129.032,110.514,121.023,89.158,119.444,101.003,97.034,111.974,104.671,114.778,115.033,108.000,107.871,105.374,125.723,125.974,109.363,136.052,137.500,131.667,121.569,121.569,126.014,intermediate
1967,125.872,141.611,131.336,113.084,125.852,93.010,123.765,100.752,95.339,117.476,105.945,115.517,116.122,106.857,107.692,106.526,130.347,131.494,110.487,142.489,143.534,137.917,125.098,125.098,129.392,intermediate
1968,127.035,146.980,133.180,112.850,130.114,90.442,123.457,99.248,94.915,120.065,103.609,112.069,115.904,107.000,106.440,106.718,131.792,132.468,111.610,147.210,148.707,140.833,129.020,129.020,132.770,intermediate
1969,129.942,148.658,135.023,114.953,134.375,87.589,127.469,98.496,93.644,121.359,107.219,116.502,117.429,109.000,106.798,109.213,134.104,134.740,111.610,152.361,154.310,145.833,133.333,133.333,136.824,intermediate
1970,135.465,154.027,138.710,119.626,141.761,92.439,137.654,101.754,91.949,125.243,113.800,121.921,121.786,111.429,110.018,113.820,137.572,140.260,115.730,157.940,161.207,154.167,136.471,136.471,143.919,intermediate
1971,136.047,158.725,147.926,117.991,145.739,88.730,136.420,103.509,102.966,128.803,108.917,117.980,122.004,107.571,109.839,114.971,135.260,140.909,122.846,166.094,167.672,162.083,147.059,147.059,148.311,intermediate
1972,138.663,160.403,152.535,119.626,150.568,90.585,138.580,103.509,105.085,130.744,107.856,120.197,123.312,107.429,111.091,116.699,139.884,146.429,125.468,174.249,174.138,173.333,152.549,152.549,152.027,intermediate
1973,161.919,195.638,171.429,140.187,182.102,121.255,167.901,119.298,116.525,147.249,124.628,138.424,138.126,119.571,121.825,131.094,178.613,176.623,128.090,200.429,198.276,202.917,171.373,171.373,170.270,intermediate
1974,215.116,260.738,252.535,189.019,235.511,127.104,247.840,173.935,330.085,214.887,170.701,180.296,177.996,151.143,155.814,164.491,221.965,224.026,228.464,257.511,249.569,250.000,230.196,230.196,216.216,intermediate
1975,225.000,279.866,287.558,196.262,253.977,125.392,253.704,195.739,386.017,228.803,171.338,182.759,181.917,148.571,159.571,169.290,221.387,226.948,272.285,279.828,267.672,269.583,250.980,250.980,236.149,intermediate
1976,239.244,285.906,308.756,207.944,266.193,139.800,260.802,208.020,415.254,234.628,185.563,197.044,187.800,152.143,163.864,176.008,238.150,237.662,294.007,300.858,293.103,287.917,272.549,272.549,253.378,intermediate
1977,245.640,289.597,321.659,210.981,273.295,136.234,266.358,212.030,407.627,243.689,187.049,204.187,193.464,155.000,166.905,180.614,242.197,247.078,299.625,322.318,314.655,301.250,287.059,287.059,266.892,intermediate
1978,239.826,275.168,310.599,203.037,257.386,134.094,238.580,197.243,344.068,244.660,183.439,204.680,193.464,149.714,165.116,178.311,232.948,250.325,277.154,325.322,321.121,305.000,287.451,287.451,266.554,intermediate
1979,259.302,293.289,342.857,221.028,270.739,143.081,260.494,224.812,437.712,267.961,200.000,218.227,200.436,157.000,170.483,185.797,266.474,273.701,315.356,341.631,336.638,326.667,308.627,308.627,279.730,intermediate
1980,301.453,344.295,443.779,258.645,296.875,158.203,337.963,292.481,720.763,328.479,229.299,248.768,214.815,169.857,184.615,203.455,307.225,304.545,462.547,381.545,371.121,365.833,375.294,375.294,312.500,intermediate
1981,306.395,359.060,470.507,260.280,304.830,159.486,328.395,292.231,799.153,343.042,224.841,250.246,218.519,169.429,186.941,202.303,296.821,304.221,507.491,396.137,386.207,374.167,390.980,390.980,325.000,intermediate
1982,309.302,354.698,498.157,261.916,299.432,162.054,328.086,293.734,874.153,344.984,226.115,252.217,219.608,168.000,187.657,203.455,299.422,306.169,538.202,406.867,397.414,381.667,403.922,403.922,330.068,intermediate
1983,305.523,354.362,490.783,257.944,301.989,159.914,317.901,286.967,780.932,339.482,225.902,252.709,219.390,166.571,188.193,202.495,293.931,303.571,506.367,408.584,398.276,382.500,403.922,403.922,330.068,intermediate
1984,305.814,358.054,484.793,257.243,306.534,161.769,328.086,281.955,750.424,338.511,224.204,253.941,220.261,165.571,188.551,203.071,296.243,305.519,480.899,412.017,400.431,385.417,403.529,403.529,331.081,intermediate
1985,302.907,347.651,480.184,253.271,298.295,156.633,320.370,279.449,757.203,337.864,221.444,252.217,220.261,161.857,187.120,201.919,293.931,303.896,485.393,414.592,403.448,389.167,403.137,403.137,330.743,intermediate
1986,279.651,322.483,446.083,228.505,278.409,138.231,291.049,245.113,400.424,315.210,190.234,237.438,213.072,151.571,182.469,193.474,277.457,297.403,376.779,406.438,400.431,384.583,374.510,374.510,321.284,intermediate
1987,272.384,307.383,428.571,221.028,262.784,137.375,284.877,231.579,368.644,305.825,186.412,232.020,208.061,145.143,176.923,189.635,273.121,295.779,338.202,402.575,400.431,383.333,361.961,361.961,316.554,intermediate
1988,272.384,308.725,419.816,220.794,267.045,135.663,289.198,232.080,312.712,302.589,192.569,236.207,208.279,142.429,174.419,189.251,275.723,298.701,328.839,404.292,403.448,387.500,358.431,358.431,316.892,intermediate
1989,282.558,325.168,436.866,228.271,275.852,140.799,303.704,241.103,347.458,311.327,204.883,243.103,213.508,143.857,176.923,190.595,286.416,312.338,340.075,418.026,418.966,402.917,374.118,374.118,327.365,intermediate
1990,290.698,335.570,460.829,233.645,284.091,142.653,308.642,250.627,423.729,323.625,212.314,246.305,217.865,142.857,178.891,191.939,289.017,324.675,374.532,429.185,431.034,416.667,392.157,392.157,337.838,intermediate
1991,293.314,337.248,468.203,233.411,288.352,144.508,300.309,260.150,384.746,329.773,202.760,248.768,220.697,141.000,180.501,191.747,294.509,334.416,380.150,438.627,441.379,427.083,399.216,399.216,343.919,intermediate
1992,290.116,334.564,472.811,227.570,284.943,139.515,291.049,247.118,354.661,327.508,184.076,245.320,219.826,138.286,180.680,189.827,289.884,335.714,368.539,445.064,447.845,432.500,400.000,400.000,346.284,intermediate
1993,284.302,330.201,470.507,220.093,280.114,132.097,277.160,238.596,300.424,321.036,171.125,237.931,216.993,133.857,179.070,185.988,285.260,332.143,355.056,446.352,446.983,431.250,396.471,396.471,344.595,intermediate
1994,277.326,325.503,465.899,213.084,275.000,131.669,270.679,230.827,264.407,315.858,161.996,229.310,212.418,129.143,175.134,179.655,277.746,324.026,336.704,438.627,443.534,426.667,389.412,389.412,341.554,intermediate
1995,275.670,318.952,465.899,212.428,272.564,131.534,290.260,236.464,265.614,315.537,163.074,229.062,211.210,126.851,172.879,177.672,275.821,321.495,335.835,433.721,440.844,431.079,388.565,385.129,339.000,intermediate
1996,275.118,330.676,473.294,211.117,276.895,133.288,287.380,237.058,319.944,315.216,159.623,224.585,207.989,121.968,170.301,174.622,276.371,320.862,350.172,431.677,436.616,440.786,395.338,382.273,337.724,intermediate
1997,279.533,336.193,484.915,215.051,278.789,136.796,290.548,248.035,356.768,321.950,168.251,229.808,210.002,120.274,171.751,175.232,281.596,325.608,367.985,432.495,439.307,446.963,406.343,386.556,340.916,intermediate
1998,274.014,334.124,472.766,209.806,275.541,132.478,284.213,241.508,293.383,315.858,163.290,225.828,208.190,117.883,170.784,173.249,274.171,317.381,347.131,427.181,435.848,439.903,397.877,386.199,338.043,intermediate
1999,268.219,323.434,471.181,204.124,268.233,127.082,273.271,236.761,288.554,306.879,155.525,218.616,203.156,113.797,168.206,168.674,267.846,311.369,338.876,420.231,430.082,431.520,394.491,382.987,332.297,intermediate
2000,268.495,321.710,488.084,205.872,262.820,129.376,280.757,249.519,395.403,306.558,156.819,218.865,201.546,111.406,165.950,166.386,268.396,308.837,366.682,416.961,423.933,429.755,402.957,377.990,327.509,intermediate
2001,268.495,321.710,488.084,205.872,262.820,129.376,280.757,249.519,395.403,306.558,156.819,218.865,201.546,111.406,165.950,166.386,268.396,308.837,366.682,416.961,423.933,429.755,402.957,375.491,328.147,intermediate
2002,264.908,323.434,495.479,202.157,260.384,128.836,274.134,245.958,394.799,303.352,158.760,217.372,197.922,106.025,162.728,161.506,262.896,305.989,363.206,413.282,413.171,443.875,401.687,368.710,323.359,intermediate
2003,264.356,329.641,498.121,202.375,263.903,130.320,277.302,254.266,415.324,303.352,164.153,221.352,195.908,101.939,160.150,156.778,263.446,305.357,366.247,411.647,402.410,446.963,405.073,361.928,321.125,intermediate
2004,269.047,340.675,506.044,209.150,272.023,131.669,283.637,271.474,453.959,308.803,191.116,233.787,198.324,101.142,159.828,155.863,267.296,309.787,382.322,410.420,393.185,444.316,412.269,359.786,320.486,intermediate
2005,275.946,344.813,528.230,218.548,270.669,134.907,287.956,296.693,603.668,320.668,215.707,248.710,201.344,99.647,161.117,152.508,274.996,316.432,434.457,408.785,384.345,441.227,423.274,356.931,319.209,intermediate
2006,285.328,355.502,550.415,230.786,275.541,141.247,298.611,323.692,752.171,333.174,243.101,261.145,205.573,101.541,164.017,153.881,287.646,325.608,478.772,411.238,381.271,431.961,438.935,356.574,319.848,intermediate
2007,292.779,374.122,560.980,239.965,285.556,147.993,317.040,346.241,811.330,342.152,264.888,273.332,209.398,102.039,166.273,154.186,298.370,332.886,497.453,413.691,378.580,427.990,453.326,357.288,321.444,intermediate
2008,308.507,410.327,604.823,258.105,300.984,156.087,341.228,375.613,1064.871,368.126,311.696,296.959,216.647,100.843,170.623,154.033,309.370,345.543,599.116,423.910,377.427,426.667,477.029,360.143,325.274,intermediate
2009,281.465,371.708,509.213,227.290,283.391,145.025,323.087,304.704,650.151,346.642,254.318,274.824,208.995,94.466,168.528,145.493,288.745,333.519,474.861,407.559,367.818,406.370,410.999,351.934,314.102,intermediate
2010,283.396,369.295,524.004,231.879,282.579,148.532,321.935,323.692,754.586,347.924,270.065,274.576,207.385,93.469,165.306,143.358,290.945,331.620,494.846,403.471,361.669,393.575,417.348,346.937,310.591,intermediate
2011,291.399,386.190,541.964,241.932,290.428,156.222,326.255,342.977,933.271,356.903,295.087,286.514,210.002,92.971,165.950,142.595,298.370,337.633,557.843,405.106,358.210,387.839,425.390,345.152,311.229,intermediate
2012,288.087,388.259,543.548,237.561,292.864,153.524,329.998,343.274,1003.901,357.544,268.123,274.327,206.982,90.779,162.728,139.850,295.070,335.734,568.270,405.515,353.982,375.926,424.120,342.654,309.633,intermediate
2013,295.262,410.672,562.565,245.211,302.608,162.023,333.454,371.163,1168.098,367.485,273.948,275.073,208.391,92.074,161.923,141.833,304.145,345.227,615.191,410.420,353.598,365.336,438.935,344.082,313.144,intermediate
2014,306.024,423.085,586.863,255.264,315.330,170.792,346.700,390.745,1242.953,383.518,285.380,287.011,215.438,94.765,166.595,146.255,318.995,363.263,640.824,421.458,362.053,367.101,458.829,353.005,322.082,intermediate
1955,100.000,100.000,100.000,100.000,100.000,100.000,100.000,100.000,100.000,100.000,100.000,100.000,100.000,100.000,100.000,100.000,100.000,100.000,100.000,100.000,100.000,100.000,100.000,100.000,100.000,valueadded
1956,105.208,98.404,100.580,105.882,99.174,103.587,80.572,103.564,87.797,90.909,201.944,91.045,79.245,105.998,86.846,94.962,97.297,104.706,96.522,101.907,110.602,116.438,103.175,103.175,96.875,valueadded
1957,111.458,104.787,106.383,112.605,100.000,92.152,81.406,94.778,110.169,96.524,213.607,111.940,98.456,121.605,94.484,98.390,97.838,110.588,92.174,104.661,120.964,131.507,108.333,108.333,96.875,valueadded
1958,109.896,102.660,99.226,109.244,107.851,73.991,69.607,84.956,96.610,95.722,161.987,116.418,117.839,119.683,115.983,97.691,101.622,115.294,98.696,98.941,114.699,146.575,107.143,107.143,96.875,valueadded
1959,115.625,102.660,92.456,119.048,110.331,89.910,71.633,83.382,122.034,94.920,170.626,111.692,116.123,109.145,106.506,94.192,102.703,117.647,100.870,100.000,117.590,163.014,107.143,107.143,96.875,valueadded
1960,124.479,109.043,88.008,131.653,119.835,105.381,61.144,87.775,132.542,102.406,167.171,117.910,120.926,108.617,104.950,94.472,109.189,127.059,111.304,105.297,122.651,182.192,106.746,106.746,98.958,valueadded
1961,136.458,119.681,85.687,135.574,119.008,100.448,58.760,84.335,119.322,104.545,151.188,125.373,125.901,94.424,106.223,90.833,124.324,140.000,122.609,106.568,129.880,201.370,112.698,112.698,111.458,valueadded
1962,143.750,128.723,84.333,136.415,119.835,95.516,57.569,83.174,112.881,117.112,150.324,125.124,128.645,87.666,105.516,93.002,133.514,156.471,137.826,106.568,131.566,215.068,113.492,113.492,128.125,valueadded
1963,153.125,143.085,80.077,133.613,122.314,105.381,58.641,83.962,113.220,115.241,149.244,111.194,127.616,82.006,103.253,90.973,130.270,172.941,136.957,109.534,132.289,238.356,114.286,114.286,148.958,valueadded
1964,161.979,147.340,83.366,136.134,121.901,102.018,62.336,81.227,109.492,112.834,143.197,110.448,123.156,77.740,100.141,88.733,134.595,180.000,136.522,107.627,133.735,269.863,123.016,123.016,163.542,valueadded
1965,170.833,164.894,87.041,138.375,134.298,103.363,59.714,77.497,116.949,109.626,137.365,110.697,122.470,76.811,98.303,88.943,141.081,194.118,136.087,110.169,135.663,306.849,124.603,124.603,184.375,valueadded
1966,179.167,177.660,90.329,138.936,138.017,105.381,57.688,71.654,111.186,112.834,142.549,106.965,121.955,76.199,98.444,83.835,149.189,207.059,136.087,111.864,140.723,341.096,133.333,133.333,193.750,valueadded
1967,190.104,203.723,105.222,145.098,133.884,116.816,56.615,68.048,111.186,118.449,144.708,113.930,126.930,72.777,99.434,85.094,155.135,225.882,136.087,113.136,145.783,367.123,134.127,134.127,205.208,valueadded
1968,200.521,220.745,112.959,152.381,146.281,128.251,55.542,63.531,112.542,118.449,138.661,119.403,133.791,70.982,100.000,86.494,165.405,243.529,136.522,116.102,149.639,387.671,135.317,135.317,227.083,valueadded
1969,208.333,230.319,116.054,157.423,152.479,135.650,55.900,61.749,108.136,118.449,137.149,119.652,132.762,67.159,97.595,86.564,177.297,264.706,138.261,119.492,154.940,419.178,138.492,138.492,241.667,valueadded
1970,221.875,256.915,119.342,164.426,154.959,133.632,61.621,58.558,118.305,118.984,145.140,124.627,128.302,64.794,96.888,87.334,194.054,289.412,136.957,126.059,163.614,456.164,143.651,143.651,263.542,valueadded
1971,230.208,258.511,116.054,169.188,166.942,140.583,60.667,51.388,140.678,120.856,133.909,129.602,131.561,60.021,105.658,89.643,206.486,314.118,133.043,126.059,159.518,495.890,150.794,150.794,285.417,valueadded
1972,241.146,268.085,117.215,173.669,166.529,142.825,58.641,48.902,128.814,121.390,137.581,126.866,132.590,54.720,119.802,91.043,223.784,347.059,137.391,126.695,142.892,536.986,162.698,162.698,318.750,valueadded
1973,272.917,331.383,137.524,189.636,147.934,178.475,69.845,51.140,149.492,135.561,157.451,135.572,144.254,50.285,128.147,84.675,284.865,410.588,149.130,143.856,171.084,575.342,177.381,177.381,361.458,valueadded
1974,326.563,381.915,183.946,224.930,165.702,167.040,117.402,57.232,69.492,171.390,205.400,197.015,177.015,54.382,131.259,92.932,369.730,523.529,164.783,184.746,247.952,608.219,192.857,192.857,442.708,valueadded
1975,346.354,414.362,158.607,224.650,203.306,162.332,99.166,58.972,116.610,179.679,180.778,204.726,182.161,54.826,145.120,103.639,360.000,584.706,207.391,191.737,238.313,667.123,225.794,225.794,518.750,valueadded
1976,375.521,478.191,145.648,235.854,235.950,176.682,92.610,58.806,138.644,192.781,192.657,197.015,170.669,52.101,150.212,101.190,362.703,641.176,240.870,202.754,246.024,738.356,253.968,253.968,570.833,valueadded
1977,400.521,517.553,150.870,246.779,252.893,184.081,102.741,56.030,168.475,203.743,200.000,203.483,170.840,50.391,154.738,97.621,388.108,684.706,308.696,206.992,234.940,810.959,301.984,301.984,617.708,valueadded
1978,423.438,519.149,174.662,262.465,295.455,209.193,103.218,54.248,180.000,233.155,224.622,205.473,171.698,48.701,158.416,94.472,406.486,729.412,327.826,207.203,233.494,882.192,326.984,326.984,687.500,valueadded
1979,430.208,521.809,204.449,260.224,264.050,204.484,96.901,57.315,182.712,238.503,223.542,205.970,168.268,44.182,147.525,88.174,408.649,789.412,297.391,205.508,252.048,920.548,337.302,337.302,704.167,valueadded
1980,444.792,501.596,204.642,265.266,276.860,193.274,118.236,57.605,213.559,248.663,223.110,205.473,165.352,38.310,143.564,79.846,437.297,862.353,383.478,209.322,274.940,947.945,324.603,324.603,719.792,valueadded
1981,458.854,509.043,199.226,270.868,297.934,196.637,108.343,53.129,220.339,255.348,225.054,212.438,169.640,37.973,149.222,79.496,457.297,904.706,423.043,213.347,266.024,995.890,342.857,342.857,759.375,valueadded
1982,469.792,493.617,178.723,271.989,314.463,200.673,105.125,50.352,222.373,259.358,218.359,205.224,171.012,36.346,156.860,75.647,461.081,935.294,415.217,215.678,299.277,1035.616,359.524,359.524,792.708,valueadded
1983,477.083,500.000,172.340,274.230,329.752,195.516,105.959,49.150,284.407,260.695,206.479,200.000,167.753,33.390,154.455,71.728,468.649,948.235,444.348,215.042,292.530,1079.452,363.889,363.889,812.500,valueadded
1984,485.938,503.723,177.369,278.992,352.066,202.691,109.535,47.451,264.068,262.299,213.175,207.463,167.238,31.996,153.890,70.399,473.514,978.824,475.652,216.314,268.675,1116.438,373.016,373.016,843.750,valueadded
1985,492.188,518.085,177.369,277.031,360.331,209.417,112.157,45.296,246.441,244.385,207.559,212.438,167.753,30.306,153.748,71.099,486.486,1008.235,476.957,216.525,263.373,1153.425,373.413,373.413,889.583,valueadded
1986,501.562,512.234,176.983,284.874,390.909,215.695,123.361,44.592,385.085,260.963,206.911,214.179,165.695,28.173,143.281,72.078,509.730,1032.941,527.391,213.559,246.024,1194.521,383.730,383.730,922.917,valueadded
1987,501.042,488.298,181.625,279.552,412.810,212.108,123.957,44.758,298.305,261.497,202.376,211.692,161.921,25.913,141.018,72.918,514.054,1049.412,516.087,209.746,238.795,1239.726,390.079,390.079,950.000,valueadded
1988,503.646,505.319,190.909,277.031,405.785,226.682,124.076,43.846,327.797,263.102,215.551,216.418,160.720,23.337,139.604,70.959,506.486,1080.000,490.000,208.686,236.867,1273.973,391.667,391.667,971.875,valueadded
1989,512.500,510.638,197.292,278.151,408.264,236.547,122.408,43.266,322.034,266.043,221.598,229.602,163.979,22.091,140.028,68.929,517.297,1131.765,461.304,210.593,238.795,1321.918,392.857,392.857,1010.417,valueadded
1990,520.833,531.915,193.424,280.112,413.223,224.215,119.190,41.442,338.983,267.380,215.983,248.756,171.527,21.119,141.443,69.979,540.541,1176.471,434.783,211.864,240.964,1369.863,396.825,396.825,1041.667,valueadded
1991,532.292,573.404,202.708,282.633,419.008,235.202,126.579,40.986,391.525,281.016,225.486,263.930,175.300,19.240,141.018,70.609,560.000,1223.529,437.391,215.466,239.518,1420.548,405.952,405.952,1076.042,valueadded
1992,539.583,529.255,207.930,284.034,445.455,232.511,126.579,38.956,381.356,280.481,221.382,266.915,180.103,18.205,146.110,72.008,582.162,1264.706,451.304,214.407,236.145,1471.233,411.905,411.905,1112.500,valueadded
1993,543.229,554.255,205.222,281.513,456.198,217.040,134.207,37.174,432.203,279.412,213.175,251.493,182.676,17.170,144.554,73.338,593.514,1285.882,462.609,212.288,234.458,1515.068,410.317,410.317,1131.250,valueadded
1994,541.667,536.170,229.014,273.669,458.678,206.726,133.850,36.511,448.814,270.053,193.521,234.080,180.274,15.924,146.110,73.338,599.459,1301.176,470.435,211.017,237.349,1546.575,408.730,408.730,1138.542,valueadded
1995,536.804,512.169,239.207,266.273,441.213,199.940,132.575,37.304,448.814,265.107,195.836,224.985,178.261,14.530,142.158,71.205,594.642,1302.447,471.789,206.742,247.313,1557.106,410.325,401.476,1139.595,valueadded
1996,532.914,493.862,223.169,261.753,437.536,208.377,135.936,35.595,432.021,259.935,189.276,227.555,182.133,13.245,153.397,73.269,586.079,1316.425,444.036,203.439,264.750,1563.124,410.325,388.231,1133.276,valueadded
1997,535.346,471.081,216.102,258.671,450.865,212.596,132.807,34.862,444.234,258.136,187.153,227.358,184.301,12.110,156.979,74.026,586.079,1346.921,459.943,205.965,267.596,1582.682,411.123,371.516,1153.287,valueadded
1998,535.832,483.285,207.811,261.137,463.274,214.797,128.983,34.648,486.978,258.811,187.346,222.415,187.244,11.631,165.007,75.471,601.065,1331.673,457.236,204.411,265.105,1596.222,419.098,355.747,1160.659,valueadded
1999,529.025,465.386,183.075,253.535,488.551,209.661,127.012,33.580,517.510,257.461,177.699,217.275,179.810,10.678,148.951,73.476,604.277,1312.613,447.759,203.245,264.750,1599.231,418.300,347.231,1155.393,valueadded
2000,521.731,435.282,159.698,242.851,496.824,210.395,127.244,32.695,500.717,249.142,174.805,213.321,174.234,9.565,135.242,71.756,588.755,1325.319,432.191,201.690,265.817,1599.231,412.718,354.170,1149.074,valueadded
2001,513.465,426.333,152.766,232.989,485.794,210.028,123.188,32.450,576.283,243.970,167.859,207.983,172.066,7.852,133.018,71.756,579.121,1287.199,431.852,196.250,315.991,1588.700,413.515,335.878,1116.424,valueadded
2002,506.658,400.297,143.252,228.469,483.956,204.342,120.523,31.504,662.534,236.775,166.509,205.808,169.743,6.842,136.847,72.100,571.092,1263.056,422.376,191.586,350.153,1561.620,410.325,324.840,1096.412,valueadded
2003,499.850,417.790,138.360,219.634,472.925,192.052,124.463,31.046,696.119,231.153,170.753,202.843,164.942,5.734,136.106,70.586,558.247,1270.680,406.469,190.420,362.607,1540.558,404.743,318.847,1077.454,valueadded
2004,493.529,445.046,138.360,211.827,466.031,186.916,123.304,30.741,767.868,226.656,179.050,199.679,157.818,4.957,129.313,68.041,542.725,1273.222,389.886,192.752,361.540,1519.495,401.951,317.586,1061.656,valueadded
2005,486.236,406.806,135.913,205.458,459.597,183.431,115.887,30.527,763.288,224.857,192.942,197.702,154.875,4.314,123.508,68.797,535.232,1270.680,338.442,194.307,355.846,1504.451,398.761,315.378,1053.230,valueadded
2006,478.942,403.551,136.593,197.239,448.567,185.815,109.050,28.879,767.868,222.609,188.311,193.946,152.087,3.805,121.903,66.802,521.316,1275.763,319.490,197.027,345.527,1496.928,390.786,308.755,1044.804,valueadded
2007,474.566,373.041,146.378,192.308,441.213,184.898,106.964,28.573,770.921,219.910,193.328,193.551,151.003,3.382,120.668,65.770,512.752,1297.364,311.705,199.359,334.140,1489.406,389.590,304.655,1039.538,valueadded
2008,466.300,338.869,150.320,181.624,457.299,176.644,109.861,25.612,790.767,213.614,197.572,194.935,141.401,2.886,105.476,63.775,498.836,1336.756,267.708,204.993,322.752,1484.893,384.007,299.609,1034.272,valueadded
2009,471.162,357.176,214.199,186.555,491.309,191.135,132.691,28.055,669.404,249.142,203.553,203.633,145.428,2.649,110.910,65.770,535.232,1307.530,379.394,197.610,309.230,1486.397,403.546,296.140,1051.124,valueadded
2010,461.438,374.668,214.879,176.488,481.198,181.780,123.884,26.864,738.100,238.573,187.732,194.144,140.162,2.248,107.082,64.119,509.541,1301.176,338.442,196.638,302.469,1474.362,395.970,290.779,1047.964,valueadded
2011,452.199,352.294,214.335,167.653,485.334,183.247,118.437,26.162,695.356,221.484,189.469,188.410,132.728,1.924,100.165,61.986,488.667,1302.447,302.567,197.804,295.352,1453.299,389.590,286.363,1040.591,valueadded
2012,449.768,370.600,218.684,164.982,482.117,191.135,122.609,25.002,582.389,217.437,191.398,201.854,138.768,1.756,102.635,61.711,487.596,1298.635,359.764,195.667,281.118,1439.759,391.583,284.787,1040.591,valueadded
2013,447.823,360.023,221.266,165.599,471.546,197.005,115.308,24.666,522.853,215.413,182.523,205.808,142.640,1.773,117.209,64.326,478.497,1303.718,369.579,196.444,264.394,1429.228,390.786,279.740,1038.485,valueadded
2014,454.144,367.346,240.022,166.421,474.764,203.241,115.308,23.659,524.379,215.188,190.048,216.879,144.808,1.717,120.174,65.151,480.638,1331.673,428.129,201.885,261.547,1417.193,399.957,280.687,1056.390,valueadded
