データコード,PR01'PRCG10_2400000000,PR01'PRCG10_2400120001,PR01'PRCG10_2400220001,PR01'PRCG10_2400320001,PR01'PRCG10_2400420001,PR01'PRCG10_2400520001,PR01'PRCG10_2400620001,PR01'PRCG10_2400720001
系列名称,"[輸出物価指数/円ベース] 総平均","類別/_繊維品","類別/_化学製品","類別/_金属・同製品","類別/_はん用・生産用・業務用機器","類別/_電気・電子機器","類別/_輸送用機器","類別/_その他産品・製品"
系列名称（英字）,"[Export Price Index / yen basis] All commodities","Group/_Textiles","Group/_Chemicals & related products","Group/_Metals & related products","Group/_General purpose, production & business oriented machinery","Group/_Electric & electronic products","Group/_Transportation equipment","Group/_Other primary products & manufactured goods"
単位,"2010年=100","2010年=100","2010年=100","2010年=100","2010年=100","2010年=100","2010年=100","2010年=100"
単位（英字）,"CY2010 average=100","CY2010 average=100","CY2010 average=100","CY2010 average=100","CY2010 average=100","CY2010 average=100","CY2010 average=100","CY2010 average=100"
統計種別・カテゴリ,"企業物価指数 2010年基準/輸出物価指数/円ベース","企業物価指数 2010年基準/輸出物価指数/円ベース","企業物価指数 2010年基準/輸出物価指数/円ベース","企業物価指数 2010年基準/輸出物価指数/円ベース","企業物価指数 2010年基準/輸出物価指数/円ベース","企業物価指数 2010年基準/輸出物価指数/円ベース","企業物価指数 2010年基準/輸出物価指数/円ベース","企業物価指数 2010年基準/輸出物価指数/円ベース"
統計種別・カテゴリ(英字),"Corporate Goods Price Index (2010 Base)/ Export Price Index (yen basis)","Corporate Goods Price Index (2010 Base)/ Export Price Index (yen basis)","Corporate Goods Price Index (2010 Base)/ Export Price Index (yen basis)","Corporate Goods Price Index (2010 Base)/ Export Price Index (yen basis)","Corporate Goods Price Index (2010 Base)/ Export Price Index (yen basis)","Corporate Goods Price Index (2010 Base)/ Export Price Index (yen basis)","Corporate Goods Price Index (2010 Base)/ Export Price Index (yen basis)","Corporate Goods Price Index (2010 Base)/ Export Price Index (yen basis)"
変換方法,"AVERAGED","AVERAGED","AVERAGED","AVERAGED","AVERAGED","AVERAGED","AVERAGED","AVERAGED"
収録開始期,"1960/01","1960/01","1960/01","1960/01","1960/01","1960/01","1960/01","1960/01"
収録終了期,"2016/12","2016/12","2016/12","2016/12","2016/12","2016/12","2016/12","2016/12"
期種,月次,月次,月次,月次,月次,月次,月次,月次
備考,"品目数：210、ウエイト：1000","品目数：4、ウエイト：12.5","品目数：45、ウエイト：95.4","品目数：30、ウエイト：118.2","品目数：39、ウエイト：192","品目数：46、ウエイト：232.9","品目数：18、ウエイト：240.6","品目数：28、ウエイト：108.4"
備考（英字）,"Number of Commodity:210, Weights:1000","Number of Commodity:4, Weights:12.5","Number of Commodity:45, Weights:95.4","Number of Commodity:30, Weights:118.2","Number of Commodity:39, Weights:192","Number of Commodity:46, Weights:232.9","Number of Commodity:18, Weights:240.6","Number of Commodity:28, Weights:108.4"

1950/01,     ,     ,     ,     ,     ,      ,     ,
1950/02,     ,     ,     ,     ,     ,      ,     ,
1950/03,     ,     ,     ,     ,     ,      ,     ,
1950/04,     ,     ,     ,     ,     ,      ,     ,
1950/05,     ,     ,     ,     ,     ,      ,     ,
1950/06,     ,     ,     ,     ,     ,      ,     ,
1950/07,     ,     ,     ,     ,     ,      ,     ,
1950/08,     ,     ,     ,     ,     ,      ,     ,
1950/09,     ,     ,     ,     ,     ,      ,     ,
1950/10,     ,     ,     ,     ,     ,      ,     ,
1950/11,     ,     ,     ,     ,     ,      ,     ,
1950/12,     ,     ,     ,     ,     ,      ,     ,
1951/01,     ,     ,     ,     ,     ,      ,     ,
1951/02,     ,     ,     ,     ,     ,      ,     ,
1951/03,     ,     ,     ,     ,     ,      ,     ,
1951/04,     ,     ,     ,     ,     ,      ,     ,
1951/05,     ,     ,     ,     ,     ,      ,     ,
1951/06,     ,     ,     ,     ,     ,      ,     ,
1951/07,     ,     ,     ,     ,     ,      ,     ,
1951/08,     ,     ,     ,     ,     ,      ,     ,
1951/09,     ,     ,     ,     ,     ,      ,     ,
1951/10,     ,     ,     ,     ,     ,      ,     ,
1951/11,     ,     ,     ,     ,     ,      ,     ,
1951/12,     ,     ,     ,     ,     ,      ,     ,
1952/01,     ,     ,     ,     ,     ,      ,     ,
1952/02,     ,     ,     ,     ,     ,      ,     ,
1952/03,     ,     ,     ,     ,     ,      ,     ,
1952/04,     ,     ,     ,     ,     ,      ,     ,
1952/05,     ,     ,     ,     ,     ,      ,     ,
1952/06,     ,     ,     ,     ,     ,      ,     ,
1952/07,     ,     ,     ,     ,     ,      ,     ,
1952/08,     ,     ,     ,     ,     ,      ,     ,
1952/09,     ,     ,     ,     ,     ,      ,     ,
1952/10,     ,     ,     ,     ,     ,      ,     ,
1952/11,     ,     ,     ,     ,     ,      ,     ,
1952/12,     ,     ,     ,     ,     ,      ,     ,
1953/01,     ,     ,     ,     ,     ,      ,     ,
1953/02,     ,     ,     ,     ,     ,      ,     ,
1953/03,     ,     ,     ,     ,     ,      ,     ,
1953/04,     ,     ,     ,     ,     ,      ,     ,
1953/05,     ,     ,     ,     ,     ,      ,     ,
1953/06,     ,     ,     ,     ,     ,      ,     ,
1953/07,     ,     ,     ,     ,     ,      ,     ,
1953/08,     ,     ,     ,     ,     ,      ,     ,
1953/09,     ,     ,     ,     ,     ,      ,     ,
1953/10,     ,     ,     ,     ,     ,      ,     ,
1953/11,     ,     ,     ,     ,     ,      ,     ,
1953/12,     ,     ,     ,     ,     ,      ,     ,
1954/01,     ,     ,     ,     ,     ,      ,     ,
1954/02,     ,     ,     ,     ,     ,      ,     ,
1954/03,     ,     ,     ,     ,     ,      ,     ,
1954/04,     ,     ,     ,     ,     ,      ,     ,
1954/05,     ,     ,     ,     ,     ,      ,     ,
1954/06,     ,     ,     ,     ,     ,      ,     ,
1954/07,     ,     ,     ,     ,     ,      ,     ,
1954/08,     ,     ,     ,     ,     ,      ,     ,
1954/09,     ,     ,     ,     ,     ,      ,     ,
1954/10,     ,     ,     ,     ,     ,      ,     ,
1954/11,     ,     ,     ,     ,     ,      ,     ,
1954/12,     ,     ,     ,     ,     ,      ,     ,
1955/01,     ,     ,     ,     ,     ,      ,     ,
1955/02,     ,     ,     ,     ,     ,      ,     ,
1955/03,     ,     ,     ,     ,     ,      ,     ,
1955/04,     ,     ,     ,     ,     ,      ,     ,
1955/05,     ,     ,     ,     ,     ,      ,     ,
1955/06,     ,     ,     ,     ,     ,      ,     ,
1955/07,     ,     ,     ,     ,     ,      ,     ,
1955/08,     ,     ,     ,     ,     ,      ,     ,
1955/09,     ,     ,     ,     ,     ,      ,     ,
1955/10,     ,     ,     ,     ,     ,      ,     ,
1955/11,     ,     ,     ,     ,     ,      ,     ,
1955/12,     ,     ,     ,     ,     ,      ,     ,
1956/01,     ,     ,     ,     ,     ,      ,     ,
1956/02,     ,     ,     ,     ,     ,      ,     ,
1956/03,     ,     ,     ,     ,     ,      ,     ,
1956/04,     ,     ,     ,     ,     ,      ,     ,
1956/05,     ,     ,     ,     ,     ,      ,     ,
1956/06,     ,     ,     ,     ,     ,      ,     ,
1956/07,     ,     ,     ,     ,     ,      ,     ,
1956/08,     ,     ,     ,     ,     ,      ,     ,
1956/09,     ,     ,     ,     ,     ,      ,     ,
1956/10,     ,     ,     ,     ,     ,      ,     ,
1956/11,     ,     ,     ,     ,     ,      ,     ,
1956/12,     ,     ,     ,     ,     ,      ,     ,
1957/01,     ,     ,     ,     ,     ,      ,     ,
1957/02,     ,     ,     ,     ,     ,      ,     ,
1957/03,     ,     ,     ,     ,     ,      ,     ,
1957/04,     ,     ,     ,     ,     ,      ,     ,
1957/05,     ,     ,     ,     ,     ,      ,     ,
1957/06,     ,     ,     ,     ,     ,      ,     ,
1957/07,     ,     ,     ,     ,     ,      ,     ,
1957/08,     ,     ,     ,     ,     ,      ,     ,
1957/09,     ,     ,     ,     ,     ,      ,     ,
1957/10,     ,     ,     ,     ,     ,      ,     ,
1957/11,     ,     ,     ,     ,     ,      ,     ,
1957/12,     ,     ,     ,     ,     ,      ,     ,
1958/01,     ,     ,     ,     ,     ,      ,     ,
1958/02,     ,     ,     ,     ,     ,      ,     ,
1958/03,     ,     ,     ,     ,     ,      ,     ,
1958/04,     ,     ,     ,     ,     ,      ,     ,
1958/05,     ,     ,     ,     ,     ,      ,     ,
1958/06,     ,     ,     ,     ,     ,      ,     ,
1958/07,     ,     ,     ,     ,     ,      ,     ,
1958/08,     ,     ,     ,     ,     ,      ,     ,
1958/09,     ,     ,     ,     ,     ,      ,     ,
1958/10,     ,     ,     ,     ,     ,      ,     ,
1958/11,     ,     ,     ,     ,     ,      ,     ,
1958/12,     ,     ,     ,     ,     ,      ,     ,
1959/01,     ,     ,     ,     ,     ,      ,     ,
1959/02,     ,     ,     ,     ,     ,      ,     ,
1959/03,     ,     ,     ,     ,     ,      ,     ,
1959/04,     ,     ,     ,     ,     ,      ,     ,
1959/05,     ,     ,     ,     ,     ,      ,     ,
1959/06,     ,     ,     ,     ,     ,      ,     ,
1959/07,     ,     ,     ,     ,     ,      ,     ,
1959/08,     ,     ,     ,     ,     ,      ,     ,
1959/09,     ,     ,     ,     ,     ,      ,     ,
1959/10,     ,     ,     ,     ,     ,      ,     ,
1959/11,     ,     ,     ,     ,     ,      ,     ,
1959/12,     ,     ,     ,     ,     ,      ,     ,
1960/01,135.1,113.5,135.6,61.6 ,95   ,1089.6,75.8 ,83.4
1960/02,134.4,111.8,135.6,61.3 ,95   ,1093  ,75.8 ,83.4
1960/03,134  ,111  ,135.4,61   ,95   ,1093  ,75.8 ,83.2
1960/04,131.1,110.6,135.4,60.6 ,95   ,929.6 ,75.8 ,82.8
1960/05,130.6,109.6,135.1,60   ,95   ,931.4 ,75.8 ,82.7
1960/06,129.6,108.7,134.9,59.2 ,94.9 ,930.4 ,75.8 ,82
1960/07,130.1,109  ,135.6,59   ,94.8 ,929.6 ,75.8 ,82.1
1960/08,130.3,111  ,134.7,59   ,94.8 ,929.6 ,75.8 ,81.7
1960/09,130.1,110.9,133.3,59   ,94.5 ,929.6 ,75.8 ,81.6
1960/10,129.3,109  ,132.4,58.8 ,94.4 ,931.4 ,75.8 ,81.5
1960/11,128.7,107.6,132.9,57.9 ,94.3 ,929.6 ,75.8 ,81.1
1960/12,128  ,107.3,130.9,57.1 ,94.4 ,929.6 ,75.7 ,80.6
1961/01,127.4,107.4,130.5,56.1 ,94.4 ,927.7 ,74.6 ,80.9
1961/02,127.6,106.9,129.8,56.1 ,94.4 ,927.7 ,74.6 ,81.3
1961/03,128  ,107.6,129.7,56.5 ,94.4 ,927.7 ,74.6 ,81.6
1961/04,128.4,108.4,128.5,56.6 ,94.4 ,921.2 ,74.6 ,82.4
1961/05,125.4,109  ,128.5,56.6 ,96.5 ,697.3 ,74.6 ,82.8
1961/06,125.4,109  ,128.1,56.5 ,96.4 ,697.3 ,74.6 ,82.9
1961/07,125.2,108.9,127.5,56.1 ,96.3 ,693   ,74.6 ,83.2
1961/08,125.2,109.2,126.8,55.8 ,96.3 ,685.3 ,74.6 ,82.9
1961/09,124.4,108.3,122.4,55.4 ,96.3 ,683.8 ,74.6 ,83.1
1961/10,123.7,105.8,121.7,55   ,96.3 ,683.8 ,74.6 ,83.2
1961/11,123  ,104.8,119.2,54.8 ,96.3 ,681.6 ,74.6 ,83.2
1961/12,122.6,103.5,119.2,54.3 ,96.3 ,681.6 ,74.6 ,83.7
1962/01,122.5,103.7,119.6,54.1 ,96.3 ,679.9 ,74.4 ,83.2
1962/02,122.7,104.9,119.2,53.7 ,96.3 ,679.9 ,74.4 ,83.2
1962/03,122.5,104.2,116.4,53.3 ,96.5 ,681.6 ,74.4 ,83.5
1962/04,122.2,104.4,115.1,53   ,96.5 ,681.6 ,74.4 ,83.5
1962/05,122.2,104.6,117.3,52.2 ,96.5 ,681.6 ,74.4 ,83.5
1962/06,121.9,104.6,115  ,51.6 ,96.5 ,681.6 ,74.4 ,83.3
1962/07,121.9,104.8,114.8,51.5 ,96.6 ,681.6 ,74.4 ,83.3
1962/08,121.4,104.8,112.4,51.1 ,96.7 ,681.6 ,74.2 ,83.1
1962/09,121  ,104.6,110.7,50.8 ,96.8 ,679.2 ,74.2 ,83
1962/10,120.7,104.9,110.5,50.3 ,96.8 ,678.1 ,74.2 ,82.9
1962/11,120.7,105.8,110.5,49.9 ,96.8 ,674.9 ,74.2 ,82.9
1962/12,121.5,107.8,109.8,50.2 ,96.8 ,674.9 ,74.2 ,83.2
1963/01,122.7,111.5,109.1,50.3 ,97.3 ,672.8 ,73.6 ,83
1963/02,123.5,112.2,109.1,50.4 ,97.4 ,672.8 ,73.6 ,83.5
1963/03,124.1,113.3,109.9,50.7 ,97.6 ,671.2 ,73.6 ,83.7
1963/04,124.1,112.9,113.2,50.8 ,97.7 ,671.2 ,73.6 ,84.1
1963/05,124.1,113.1,113.2,51.1 ,97.7 ,671.2 ,73.6 ,84.7
1963/06,124.9,115.3,113.9,51.1 ,97.8 ,671.3 ,73.6 ,84.7
1963/07,124.4,114.2,114.3,51.4 ,97.8 ,671.3 ,73.6 ,84.7
1963/08,124.9,114.1,116.1,51.4 ,97.8 ,668.3 ,73.6 ,84.9
1963/09,124.9,113.5,116.1,51.5 ,97.4 ,668.3 ,73.6 ,84.7
1963/10,125.1,114.1,116.1,51.4 ,97.4 ,668.3 ,73.6 ,84.9
1963/11,125.4,114.6,116.1,51.5 ,99.1 ,668.3 ,73.6 ,84.8
1963/12,125.6,114.4,118.6,51.6 ,99   ,668.3 ,73.6 ,84.7
1964/01,125.7,115.1,119  ,51.4 ,99.2 ,669.1 ,73.6 ,84.8
1964/02,126.3,115.7,120.9,51.5 ,99.2 ,667.6 ,73.6 ,85.2
1964/03,126.3,115.1,123.5,51.7 ,99.2 ,668.3 ,73.6 ,84.9
1964/04,126.4,114.6,124  ,51.9 ,99.1 ,668.3 ,73.6 ,85.1
1964/05,126.7,115.1,124.7,52.1 ,99.1 ,669.1 ,73.6 ,85.2
1964/06,126.5,114.6,125.1,52.2 ,99.1 ,669.7 ,73.6 ,85.1
1964/07,126.4,114.2,125.1,52.5 ,99.1 ,669.7 ,73.6 ,84.9
1964/08,126.5,113.9,126.4,52.5 ,99.1 ,668.3 ,73.6 ,85.2
1964/09,126.3,112.2,130.2,52.6 ,99.1 ,669.1 ,73.6 ,85.4
1964/10,126.1,110.9,130.9,52.8 ,99.1 ,669.1 ,73.7 ,85.3
1964/11,125.6,109.9,130.5,53   ,99.1 ,668.3 ,73.7 ,85
1964/12,125.6,110.7,128.8,53   ,99   ,666   ,73.7 ,84.8
1965/01,126.3,111.3,136.3,52.8 ,99.1 ,671.2 ,73.7 ,84.7
1965/02,126.3,110.9,136.6,52.8 ,99   ,671.2 ,73.8 ,84.9
1965/03,126.1,110.9,135.6,52.8 ,99.1 ,671.2 ,73.8 ,85
1965/04,126.1,110.6,135.1,52.8 ,99.1 ,671.2 ,73.6 ,84.9
1965/05,125.6,110  ,134.2,52.6 ,99   ,671.2 ,73.7 ,84.6
1965/06,125.2,109.6,134.1,52.3 ,99   ,671.2 ,73.7 ,84.7
1965/07,125.2,109  ,134.2,52   ,99   ,671.2 ,73.8 ,85.2
1965/08,125.2,109  ,133.3,52.1 ,99.2 ,671.9 ,73.6 ,85.1
1965/09,125.2,109  ,131.6,51.7 ,99.1 ,671.2 ,73.7 ,85.2
1965/10,125.1,108.7,131.6,51.5 ,99.2 ,671.2 ,73.6 ,85.2
1965/11,124.9,107.8,131.9,51.2 ,99.3 ,671.3 ,73.8 ,85.3
1965/12,124.3,107.4,127.2,51.1 ,99   ,671.2 ,73.7 ,85.3
1966/01,124.3,106  ,124.7,51.2 ,99   ,669.7 ,73.7 ,85.3
1966/02,124.4,105  ,124.3,51.2 ,99.4 ,671.2 ,73.7 ,85.5
1966/03,124.5,105  ,123.3,51.5 ,99.5 ,671.2 ,73.8 ,85.5
1966/04,124.9,105.4,122.4,51.8 ,99.5 ,669.7 ,73.8 ,86.1
1966/05,124.9,105  ,122.7,51.9 ,99.3 ,671.3 ,73.7 ,86.3
1966/06,125.1,104.9,122.7,52   ,99.6 ,671.2 ,73.8 ,86.7
1966/07,125.2,105  ,122.9,52.2 ,99.8 ,669.1 ,73.7 ,86.7
1966/08,125.2,106  ,122.7,52.2 ,100.6,665.7 ,73.8 ,86.6
1966/09,125.4,106.1,122.5,52.5 ,100.6,665.7 ,73.6 ,86.6
1966/10,125.7,106  ,122.5,53   ,101.1,664.3 ,73.9 ,86.9
1966/11,125.7,106  ,119.9,53.2 ,101  ,663.6 ,73.8 ,86.7
1966/12,126.1,106.8,120.3,53.1 ,101.1,662.1 ,73.8 ,86.6
1967/01,126.1,106.8,118.9,53.6 ,101.2,661.9 ,73.8 ,86.6
1967/02,125.2,106.9,109.4,53.6 ,101.2,660.8 ,73.7 ,86.5
1967/03,125.2,107.4,110.3,53.6 ,101.3,662.1 ,73.8 ,86.3
1967/04,125.1,107.4,109.6,53.4 ,101.3,660.8 ,73.7 ,86
1967/05,125.1,108  ,109.9,53.1 ,101.3,658.5 ,73.8 ,86.7
1967/06,125.2,108.9,110.3,53   ,101.2,654.5 ,73.8 ,86.8
1967/07,125.2,109  ,108.9,53   ,101.4,652.7 ,73.7 ,86.9
1967/08,125.2,109.2,107.9,52.8 ,101.3,658.1 ,73.6 ,86.9
1967/09,125.4,110.6,108.5,52.6 ,101.7,657   ,73.8 ,86.7
1967/10,125.4,111.2,107.5,52.6 ,102  ,652.7 ,73.8 ,86.6
1967/11,125.6,111  ,106.8,52.6 ,102.9,652.7 ,73.7 ,87
1967/12,125.4,110.9,106.4,52.6 ,102.9,651.5 ,73.7 ,87
1968/01,125.4,111.3,106  ,52.5 ,102.9,650.1 ,73.7 ,87
1968/02,125.6,111.6,105.4,52.6 ,102.7,650.1 ,73.7 ,87.1
1968/03,125.7,111.9,105  ,52.6 ,103.1,648.9 ,73.8 ,87.2
1968/04,125.4,111.5,106.1,52.2 ,103.1,648.9 ,73.9 ,87.7
1968/05,125.2,111.3,104.3,52   ,103.1,647.8 ,74.2 ,87.8
1968/06,125.2,111.4,104.5,52.1 ,103.1,646.6 ,74.2 ,87.6
1968/07,125.2,111  ,104.7,52   ,103  ,644   ,74.1 ,87.8
1968/08,125.2,111  ,104.5,52.2 ,103  ,644   ,74.1 ,87.8
1968/09,125.2,111.2,104.5,52.5 ,103  ,643.7 ,74.2 ,87.8
1968/10,125.6,111  ,104.5,52.6 ,103  ,643.7 ,74.1 ,88.1
1968/11,125.7,111  ,104.5,53   ,103.1,643.7 ,74.2 ,88.2
1968/12,125.7,111  ,104.5,53.1 ,103.1,644   ,74.2 ,88.2
1969/01,126.4,111.2,104.7,53.2 ,103.1,646.3 ,74.2 ,88.8
1969/02,126.7,111.6,105  ,53.5 ,103.6,647.4 ,74.2 ,89.3
1969/03,127.1,111.4,105.5,53.7 ,103.7,647.8 ,73.7 ,89.6
1969/04,127.4,111.6,105.5,54.3 ,103.7,647.8 ,74.2 ,89.7
1969/05,128  ,111.9,106  ,54.7 ,103.7,647.4 ,74.1 ,89.8
1969/06,128.4,112.4,106.4,55.3 ,103.6,647.4 ,74.2 ,89.6
1969/07,129.1,112.4,106.4,55.8 ,103.6,647.8 ,74.2 ,89.5
1969/08,129.3,112.4,106.4,56.1 ,103.7,650.2 ,74.4 ,88.8
1969/09,130.1,112.5,106.1,57   ,103.8,650.2 ,74.3 ,89.3
1969/10,130.7,112.6,106  ,58.1 ,103.7,650.2 ,74.3 ,89.2
1969/11,131.5,112.5,106  ,59.7 ,103.7,654.5 ,74.3 ,89.3
1969/12,132.5,113.3,105.5,60.6 ,104  ,657   ,74.2 ,90.2
1970/01,134.5,114.6,107.9,61.8 ,105.3,659.9 ,74.4 ,90.5
1970/02,135.2,114.6,107.9,62.4 ,105.4,659.9 ,74.3 ,90.8
1970/03,135.2,114.6,106  ,62.7 ,105.7,659.4 ,74.4 ,91
1970/04,135.2,114.4,105.1,62.5 ,105.9,658.5 ,74.4 ,91.8
1970/05,135.3,114.4,103.9,62.8 ,106.5,659.9 ,74.6 ,92.3
1970/06,135.3,114.2,105.5,62.3 ,106.7,659.9 ,74.4 ,92.4
1970/07,135.2,113.5,105.5,61.9 ,106.8,659.9 ,74.6 ,92.6
1970/08,134.4,112.6,103.2,61.5 ,105.9,659.4 ,74.6 ,92.7
1970/09,134.2,111.8,101  ,61   ,105.9,659.9 ,74.4 ,92.9
1970/10,133.8,111  ,100.1,60.6 ,106.1,658.1 ,74.9 ,93.1
1970/11,133.5,110.7,99.8 ,60   ,106.2,658.5 ,74.8 ,93.6
1970/12,133.3,110.3,101.8,59.5 ,106.2,658.5 ,74.8 ,93.4
1971/01,133.2,109.6,100.1,59.5 ,106.3,660.8 ,74.9 ,93.3
1971/02,133.3,109.6,99.8 ,59.5 ,106.4,660.8 ,74.9 ,93.6
1971/03,133.3,109.9,99.5 ,59.4 ,106.4,660.8 ,74.9 ,93.9
1971/04,133.5,109.9,99.3 ,59.5 ,106.5,659.9 ,74.9 ,94.4
1971/05,133.8,109.9,100.1,59.8 ,106.4,661.9 ,74.9 ,94.6
1971/06,133.8,110  ,99.9 ,60.2 ,106.5,660.8 ,74.9 ,94.5
1971/07,134.2,110.3,98.5 ,60.2 ,106.6,660.8 ,76   ,94.6
1971/08,133.3,110.3,96.4 ,60.2 ,102.3,659.9 ,76.1 ,94.6
1971/09,132.1,109  ,93.9 ,60.1 ,101.3,653.8 ,76.1 ,93.6
1971/10,131.5,107.4,93.1 ,59.5 ,101.3,653.8 ,76.6 ,93
1971/11,130.6,106.1,92.1 ,59   ,100.3,652.7 ,76.3 ,92.4
1971/12,129.4,104.9,90.1 ,57.9 ,100.4,650.2 ,76.1 ,92.1
1972/01,128.1,100.6,88.1 ,57.7 ,99.4 ,648.9 ,76.3 ,91.9
1972/02,127.4,99.7 ,86.1 ,57.9 ,98.2 ,646.6 ,75.7 ,91.1
1972/03,127.1,99.7 ,86.5 ,57.9 ,97.9 ,643.7 ,74.9 ,90.7
1972/04,127.4,101.2,87.3 ,57.9 ,98   ,642.9 ,75.1 ,91.5
1972/05,128.1,102.1,87.4 ,58.7 ,98.2 ,644   ,75.2 ,91.5
1972/06,128.4,102.8,87.4 ,58.9 ,98   ,644   ,75.2 ,91.6
1972/07,128.1,103  ,87.4 ,58.8 ,97.4 ,643.7 ,75.7 ,91.4
1972/08,128.4,103.7,85.6 ,58.9 ,97.7 ,644   ,75.7 ,91.5
1972/09,128.7,104.7,85.8 ,59   ,97.8 ,643.7 ,76   ,92
1972/10,129.3,106.1,88.1 ,59.2 ,98.1 ,644   ,75.9 ,92.1
1972/11,129.6,107.3,88.9 ,59.5 ,98.6 ,644   ,75.9 ,92.4
1972/12,130.3,108.3,89.9 ,59.8 ,98.7 ,644   ,75.9 ,92.7
1973/01,132.1,113.1,91.1 ,60.6 ,99.3 ,644   ,75.9 ,93.9
1973/02,131.6,116.2,90.4 ,60.6 ,97.8 ,628.4 ,76   ,93.6
1973/03,132.2,119.5,90.8 ,60.7 ,97.6 ,625.7 ,76   ,93.9
1973/04,134.4,123.1,93.9 ,61.3 ,99   ,631   ,76   ,96.1
1973/05,136.2,123.4,96   ,63.5 ,99.9 ,634.8 ,76   ,97.5
1973/06,138.3,125.8,98.7 ,65.1 ,101.3,635.5 ,76.4 ,99.3
1973/07,140.3,126.9,104.7,66.3 ,101.5,639.8 ,76.4 ,100.6
1973/08,142.5,130  ,109  ,68   ,102.3,644   ,76.6 ,101.8
1973/09,144.6,131.1,114.8,68.9 ,103.7,647.4 ,77.2 ,104.7
1973/10,149.3,136.7,122  ,71.8 ,105.7,664.3 ,77.7 ,107.6
1973/11,156  ,140.5,130.7,76.3 ,107.5,694.5 ,80.8 ,113
1973/12,160.4,144.6,144.7,77.8 ,109.3,689.7 ,83.1 ,118.7
1974/01,173.9,153.5,171.8,87.8 ,115.3,717.8 ,86.2 ,129.1
1974/02,179.3,153.6,172.1,92.3 ,118.2,736.2 ,89.4 ,134.8
1974/03,179  ,149.9,174.6,92.9 ,119.6,725.5 ,88.9 ,134.2
1974/04,182.4,147.9,176.8,100  ,120.7,724.8 ,88.3 ,135.1
1974/05,185.9,145.3,184.8,105.2,122.2,728.2 ,89.2 ,136.1
1974/06,188.8,145  ,188.6,107.5,124.1,733.4 ,91.7 ,135.7
1974/07,195.7,139.9,196.3,119.3,126.6,750.8 ,93.8 ,136.8
1974/08,200.5,138.5,210.1,122.6,129.1,766.2 ,96.2 ,139.9
1974/09,198.9,136.5,206.1,121.3,130.6,765.5 ,95.3 ,139.6
1974/10,198.3,133.1,214.7,119.9,131.6,767.1 ,96.2 ,137.2
1974/11,196.2,130  ,203.8,117.8,131.1,770.5 ,97.4 ,136.9
1974/12,194.1,128.4,197.6,114.9,131.2,776.8 ,97.6 ,136.5
1975/01,192.1,124.4,198.5,109.8,133.7,771.4 ,97   ,138.3
1975/02,185.3,120.8,193.3,101  ,132.9,759.7 ,96.3 ,133.7
1975/03,181.8,117.6,194.1,96.5 ,131.7,748.8 ,95.8 ,131.4
1975/04,182.2,122.4,195.8,95.5 ,130.7,751.5 ,96.8 ,132.5
1975/05,181.6,127.9,193.8,93.6 ,128.9,746.5 ,98.1 ,132
1975/06,181.2,132.1,193.8,91.2 ,129  ,743.8 ,99.1 ,133.5
1975/07,179.9,136  ,185.9,88.1 ,128.3,746.6 ,99.8 ,134.9
1975/08,180.3,137.6,185.5,87.7 ,129.5,748.8 ,100.6,136.1
1975/09,179.3,139.1,175.5,86.2 ,129.3,748.8 ,101.7,136.5
1975/10,179.2,141.4,179.5,84.2 ,128.9,754.8 ,102.2,136.9
1975/11,178.7,141.7,180.8,82.5 ,128.8,754.5 ,102.9,136.5
1975/12,179.3,141.7,183.3,83   ,128.8,758.1 ,103.4,136.4
1976/01,179.3,140.5,182.4,83.6 ,127.9,757.3 ,103.4,137
1976/02,179.9,138.4,178.2,85.6 ,128.1,754.8 ,103.1,136.9
1976/03,180.3,138.5,178.5,87.7 ,127.6,747.8 ,102.9,137.5
1976/04,181.2,138.2,177.6,89.1 ,128.3,739   ,102.9,138.4
1976/05,181.6,139.5,178.2,90.2 ,127.6,735.2 ,102.9,139.1
1976/06,183  ,140.1,177.6,92   ,128  ,735.2 ,103.3,141.3
1976/07,181.6,138.7,173.6,91.3 ,127  ,728.2 ,102.1,141
1976/08,180.2,136.4,171.6,91   ,126.6,721.1 ,101.3,141.3
1976/09,179.1,133.8,168.9,90.1 ,126.6,715.3 ,101.1,141.5
1976/10,179.6,132.7,168.9,89.5 ,128  ,717.8 ,101.9,143.5
1976/11,180.2,131.5,168.9,89.4 ,128.3,724.8 ,102.9,145.8
1976/12,179.9,130  ,167.2,88.6 ,128.7,725.5 ,102.3,148.7
1977/01,177.9,127.9,161.6,87.7 ,128.1,719.4 ,101.7,146.8
1977/02,176.2,125.9,158  ,87.1 ,127  ,710.4 ,100.9,144.7
1977/03,174.2,125  ,154.6,85.9 ,125.9,703.8 ,100  ,143.8
1977/04,172.9,124.4,154.5,84.8 ,126.1,696.6 ,99.1 ,143.8
1977/05,174.2,126.8,155  ,85.5 ,126.3,696.6 ,99.9 ,145.4
1977/06,173  ,124.8,150.4,84.8 ,126.2,693   ,99.7 ,145.7
1977/07,171  ,122.2,148.2,83.1 ,125.5,683.2 ,98.8 ,144.2
1977/08,171.7,122.2,148  ,83.9 ,125.7,683.8 ,99.8 ,144.4
1977/09,172.4,122.6,148.1,84.2 ,125.9,682.6 ,101.3,144.8
1977/10,169.2,121.5,142.7,82.4 ,124  ,674   ,99.2 ,142.4
1977/11,166  ,118.9,137.6,80   ,122.7,659.9 ,98.9 ,139.4
1977/12,164.7,119.2,133.9,79.3 ,122.9,654.4 ,98.6 ,136.8
1978/01,164.9,119.3,133.7,79.8 ,123.4,656.4 ,98.6 ,136.3
1978/02,166.3,120.1,132.4,81.6 ,124  ,658.1 ,99   ,136
1978/03,164.8,119.6,128.5,82   ,122.8,648.9 ,97.8 ,134.4
1978/04,163  ,119.5,122.4,82   ,120.6,632.2 ,97.7 ,132
1978/05,166  ,122.1,124.7,84.8 ,122.2,629.6 ,99.6 ,133
1978/06,163  ,120.8,119.2,83.9 ,120.6,614.1 ,96.8 ,131
1978/07,158.9,119.1,113.9,81.9 ,117  ,589.5 ,95.2 ,129
1978/08,154.2,117.7,108.5,78.5 ,114.4,575.6 ,91.4 ,126.5
1978/09,155.3,117.7,109.4,79.3 ,116.1,570.7 ,93.9 ,126
1978/10,153.5,117.3,108.7,78.5 ,115.5,564.8 ,92.1 ,123.6
1978/11,156.7,118.4,112.5,80.3 ,117  ,568.4 ,95.3 ,124.8
1978/12,159.9,119.6,116.5,83   ,118.8,587.8 ,95.9 ,126.1
1979/01,161.5,120.1,123.3,83.8 ,120  ,593   ,95.8 ,127.1
1979/02,164  ,120.6,128.8,85.5 ,121.5,599.3 ,96.4 ,129.6
1979/03,168  ,122.9,140  ,87.7 ,123.3,607.1 ,98   ,132.6
1979/04,173  ,126  ,161.6,90.7 ,125.7,617.5 ,99.1 ,136.4
1979/05,176.2,128.1,172.1,93.2 ,126.2,624.2 ,99.9 ,136.3
1979/06,177.9,130.9,175.5,94.7 ,127  ,622   ,100  ,137.5
1979/07,178.5,132.1,182.8,94.7 ,126.8,621.2 ,99.8 ,137.9
1979/08,179.9,134.5,188.8,95.3 ,127.4,617.5 ,100.7,138.3
1979/09,182.3,136.5,192.8,97.1 ,128.6,622   ,101.9,139.9
1979/10,186.9,140.1,199.9,99.8 ,131.3,633.1 ,104.1,144.5
1979/11,193.7,144.6,210.4,104  ,134.3,654.4 ,107.7,150.4
1979/12,194.1,145  ,208.8,105.4,134.2,651.5 ,106.8,150.1
1980/01,195.2,150  ,207.7,105.2,135.3,643.7 ,106.1,153.6
1980/02,198.2,153.2,217.9,108.1,135.2,648.9 ,107.7,156.8
1980/03,200.9,154.6,225  ,110.4,136.2,658.5 ,108.3,160
1980/04,203.1,158.9,227.9,113.1,136.2,662.1 ,109.7,161.3
1980/05,194.9,152.1,211.6,107.5,131.5,637.6 ,106.1,154.5
1980/06,189.8,146.8,201  ,104  ,128.7,610.1 ,105.2,149.9
1980/07,191  ,145.9,197.2,104.5,129  ,608.8 ,107.9,152.2
1980/08,192.8,146.1,199  ,106.2,130  ,612.6 ,108.8,154.9
1980/09,189.3,142.4,191.9,103.5,127.8,600.7 ,107.9,151.8
1980/10,187.9,140.8,187.1,102.9,126.6,591.7 ,107.9,149.9
1980/11,189.3,142.4,188.8,103.7,127.8,594.7 ,108.7,151.1
1980/12,188.2,142.2,186.8,102.9,127.4,590.5 ,108.3,150.8
1981/01,185.9,139.8,180.3,100.6,125.7,582.5 ,108.3,149.1
1981/02,187.2,141.6,183.4,101.6,126.3,582.5 ,109  ,151.4
1981/03,188.9,143.4,185.4,103.1,126.9,582.9 ,110.2,153.6
1981/04,192.1,145.3,189.7,105.7,129.1,595.4 ,110.8,157.3
1981/05,195.4,146.2,192.8,109  ,129.7,601.9 ,112.9,159.2
1981/06,197.7,147.3,196.7,113.7,130.2,606.5 ,112.8,160.6
1981/07,201.2,151  ,198.9,118.1,131.3,613.7 ,114.1,164.4
1981/08,202.7,152.2,202.4,120.1,132  ,617.7 ,114.1,165.4
1981/09,201.2,151.1,199  ,119.1,130.9,612.8 ,113.9,163.6
1981/10,201.4,151.6,197.5,119.4,130.9,611   ,114.1,164.5
1981/11,198.2,147.9,193.3,117.1,130.1,600.7 ,112.7,161.7
1981/12,196.1,145.8,189.2,114.4,128.9,591.1 ,112.7,159.9
1982/01,198.2,146.1,191.7,116  ,129.7,597   ,114.6,161.6
1982/02,202  ,148.2,198.5,118.9,131.3,609.2 ,116.2,166.2
1982/03,203.7,144.6,201.3,119.9,133.1,617.5 ,116.7,168.7
1982/04,204.9,144.7,202.7,120  ,134.4,618.4 ,117.1,170.4
1982/05,200  ,141.3,195.5,116.8,132.9,596.7 ,114.9,167.4
1982/06,205.3,144.3,201.8,118.9,134.7,612.6 ,119.3,172.8
1982/07,206.6,145  ,204  ,120.1,135.8,625.6 ,119.2,169.2
1982/08,205.3,145.3,204.7,116  ,136.2,627.3 ,118.8,170.4
1982/09,206  ,146.2,206.7,114.3,136.4,631   ,120.2,171.4
1982/10,207.3,148  ,212.1,113.2,137.1,631.8 ,121.7,174.3
1982/11,203.7,145.3,209.3,110.7,135.8,612.6 ,120.4,171.9
1982/12,195.7,139.3,195  ,105.2,132.1,587.8 ,116.4,163.7
1983/01,191.2,136.4,186.3,101.6,129.7,570.7 ,115.6,159.3
1983/02,191  ,135.9,187.6,100.2,129.4,567.5 ,116.6,160.5
1983/03,191.2,136.1,188  ,99.6 ,129.1,567   ,117.1,161
1983/04,191.2,137  ,186.8,99.6 ,128.7,568.2 ,117.7,159.9
1983/05,190.2,136.7,184.2,98.8 ,128  ,569.7 ,116.9,158.8
1983/06,191.9,138  ,186.8,100.5,128.4,571.9 ,117.9,160.6
1983/07,191.9,139.1,188.8,100.6,128.4,571.3 ,117.4,160.6
1983/08,193  ,141  ,192.1,100.5,128.3,573.4 ,118.3,162.2
1983/09,192.3,140.7,192.1,100  ,128.1,570.7 ,118.1,161.7
1983/10,189.4,137.8,186.8,98.5 ,126.6,562.9 ,116.8,157.7
1983/11,189.9,136.7,188  ,98.3 ,126.9,561.2 ,117.8,158.5
1983/12,189.8,136.8,188  ,98.8 ,126.5,560   ,117.2,158.2
1984/01,189.3,137.1,187.2,99.2 ,126.6,558   ,116.6,158.2
1984/02,190.6,137.4,186  ,99.6 ,126.9,559.4 ,118.4,159
1984/03,187.6,134.9,181.7,98.3 ,125.5,552.9 ,116.3,155.9
1984/04,187.4,135  ,181.3,98   ,125.7,545   ,117.1,155.8
1984/05,190.1,136.4,184.2,100  ,126.6,551.4 ,118.9,158
1984/06,191.7,136.8,185.8,102  ,126.8,556.6 ,119.6,159.3
1984/07,195.4,138.5,189  ,104.4,128.7,566.6 ,121.9,163.3
1984/08,195.2,138.4,188.6,104.9,128.3,568.4 ,121.1,163
1984/09,195.7,137.8,190.2,105.2,128.3,570.4 ,121.4,163.9
1984/10,195.7,137  ,189.8,105.2,128.4,566.6 ,121.7,164.5
1984/11,193.8,135.9,186.8,104.3,128.3,561.2 ,120.6,163.1
1984/12,194.8,136.7,186.3,103.7,129.4,560.6 ,121.3,164.7
1985/01,198.1,138.9,190.7,104.9,129.6,579.9 ,122.9,166.9
1985/02,200  ,140.6,193.6,107.2,130.4,584   ,124.1,168.9
1985/03,199.1,139.9,193.9,107  ,130.1,578.9 ,123.2,168
1985/04,196.1,138  ,191.2,105  ,129  ,558   ,122.7,165.7
1985/05,195.6,137.6,191.4,104  ,129.2,555.7 ,122.9,165.4
1985/06,193.8,137.1,189  ,102.5,128.7,547.7 ,122.6,164
1985/07,190.9,135.9,186.3,100.5,127.7,534.6 ,121.2,160.4
1985/08,188.8,135.1,184.1,98.6 ,126.6,528.7 ,120.3,158.5
1985/09,186.9,135.5,183.3,97.1 ,125.8,518.9 ,119.3,158.1
1985/10,178.7,133.3,170.8,92.6 ,121.8,490.1 ,114.7,149.6
1985/11,173.9,130  ,161.1,88.5 ,120.4,476.7 ,111.7,146
1985/12,172.2,130  ,156.3,85.5 ,120  ,465.7 ,112.8,146.3
1986/01,173.3,128.8,154.2,85.2 ,120.5,476.7 ,113.6,146
1986/02,167.3,125  ,144.7,82.1 ,117.1,457.4 ,109.8,140.3
1986/03,164.9,124.1,138.4,79.5 ,116.2,448.2 ,110.2,138.2
1986/04,163.3,123.6,133.9,78.5 ,114.9,445.1 ,109.4,136.9
1986/05,159.3,122.1,128.1,77.2 ,112.8,428.9 ,106.4,135.3
1986/06,160.3,121.9,127.1,77.4 ,113.1,427.4 ,108.7,135.9
1986/07,156.5,118.7,121.5,74.9 ,111.6,421.3 ,105.2,132.2
1986/08,154.5,116.7,118.2,73.4 ,110.5,413.3 ,104.8,130
1986/09,155.2,115.5,118.3,72.7 ,110.9,417.3 ,106.3,130
1986/10,156.5,115.7,118.2,72.3 ,110.9,424.9 ,107.4,130.9
1986/11,159.9,116.7,122.5,73.2 ,112.6,435.3 ,110.4,134.1
1986/12,159.9,116.7,124.3,73.4 ,112.6,433.8 ,110  ,134.1
1987/01,156.7,115.3,120.2,72.6 ,111.3,422.5 ,108.1,130.7
1987/02,155.5,115.2,121  ,72.1 ,110.1,416.8 ,107.4,130.3
1987/03,155.1,114.2,120.3,71.7 ,109.8,412.1 ,107.8,130.1
1987/04,151.1,112.2,117.7,70.6 ,107.4,400.6 ,104.1,126.8
1987/05,149.3,112.5,117.7,70   ,106.7,392.2 ,103.2,125.6
1987/06,152.1,113.5,124  ,71.1 ,107.9,398   ,105.9,127.5
1987/07,156  ,114.6,129.9,72.3 ,109.1,414.8 ,108.4,128.5
1987/08,155.1,114.6,127.7,73.4 ,108.7,411.5 ,107.1,127.4
1987/09,152.8,113.6,125.1,73.6 ,107.5,403   ,105.4,125.8
1987/10,152.9,114.1,126.8,74.9 ,107.5,400   ,105.3,126.5
1987/11,149.9,111.8,121.8,74.4 ,106.4,388.8 ,103.1,123.1
1987/12,147  ,110.3,118.2,73.9 ,105  ,380.4 ,100.3,120.9
1988/01,146.7,109.8,117.7,73.9 ,104.6,376.3 ,101.4,120.3
1988/02,147.4,110.3,119  ,75.5 ,105  ,376.3 ,101.8,121.2
1988/03,147.2,109.6,119.2,76.3 ,105  ,375.2 ,101.3,120
1988/04,147.7,109.5,119.3,76.1 ,105.4,375.2 ,101.8,119.9
1988/05,147.2,109.4,120.3,76.9 ,104.3,374.2 ,101.3,120
1988/06,148.4,109.8,122.9,78.5 ,104.3,379.1 ,101.6,121
1988/07,152  ,111.5,129.9,80.7 ,105.8,386.7 ,104.3,123.7
1988/08,153.1,111.4,131.1,82.6 ,106.2,388   ,105.1,124
1988/09,153.6,111.9,130.9,84.2 ,106.4,386.7 ,105.6,124.7
1988/10,151.2,110.7,127.1,83.1 ,105.5,380.4 ,103.4,122.6
1988/11,148.4,108.9,120.3,81.9 ,104.1,371.8 ,102  ,119.6
1988/12,148.3,108.8,120  ,81.2 ,104.1,372.4 ,102.1,119.6
1989/01,150.1,109.2,123.7,82.1 ,104.4,376.3 ,103.9,121.6
1989/02,150.4,109.5,124.6,82.4 ,104.9,376.3 ,104.1,121.9
1989/03,152  ,109.9,125.9,83.8 ,105.5,377.8 ,105.4,123.2
1989/04,152.8,110.6,126.8,84.3 ,106.4,379.1 ,105.7,124.3
1989/05,155.5,113.1,130.2,85.7 ,107.5,386.1 ,108.1,127.1
1989/06,159.5,116.9,133.1,88.9 ,109.4,396.3 ,110.7,130.4
1989/07,157.9,116.6,129  ,88.3 ,109.1,391.4 ,109  ,129.1
1989/08,157.2,116.6,126.8,88.1 ,108.9,390.8 ,108.3,129.6
1989/09,159.5,117.3,128.8,89.7 ,110.1,394.9 ,110.4,131.9
1989/10,157.9,117.6,126  ,88.9 ,109.9,386.7 ,109  ,130.4
1989/11,158.9,118.4,126.2,88.9 ,110.9,388   ,110  ,131
1989/12,158.9,118.4,127.2,88.1 ,111.8,387.3 ,110  ,131.3
1990/01,160.9,118.1,126.7,87.2 ,113.2,391.6 ,111.9,133.8
1990/02,160.9,118.4,128  ,86.2 ,113.2,390.8 ,112.3,134.1
1990/03,165.2,122.1,133.3,87.2 ,115.4,399.8 ,116.7,138.6
1990/04,168.1,125.1,136.7,89.3 ,117.3,403.5 ,119.3,142.1
1990/05,164.6,124.4,133  ,88.4 ,116.4,395.1 ,115.1,139.5
1990/06,163.8,122.6,132.1,87.8 ,115.8,392.9 ,115.1,138.8
1990/07,161.5,121.9,128.7,86.6 ,114.6,386.5 ,113.4,135.7
1990/08,160.7,120.8,128.1,85.7 ,114.8,382.4 ,113.7,134.6
1990/09,154.9,117.4,125.1,82.8 ,112.3,365.6 ,109.2,129.5
1990/10,149.6,114.7,122.4,79.4 ,109.4,347.9 ,106.1,124.6
1990/11,148.9,112.9,122.5,78.2 ,109.1,343.9 ,106.3,124.9
1990/12,151.6,113.1,126  ,79.4 ,110.4,350.7 ,109.1,127.6
1991/01,152.7,117.7,125.1,80.2 ,110.7,350.7 ,110.8,128.4
1991/02,150.1,116.6,122  ,79.2 ,110.2,342.1 ,109.2,125.8
1991/03,153.5,120.6,124.4,81.3 ,111.4,348.1 ,112.4,129.4
1991/04,152.2,122.2,122.3,81.8 ,111.2,345.5 ,111  ,129.4
1991/05,152.6,122.8,120.4,82.3 ,111.7,343.2 ,111.6,129.4
1991/06,152.9,123.4,120.9,82.9 ,112  ,345.5 ,111.7,129.9
1991/07,151.6,122.6,118.9,82   ,111.4,341.5 ,111.1,129
1991/08,151.2,121.9,117.3,81.3 ,111.5,339.7 ,111.1,128.2
1991/09,149.8,120.6,114.6,79.6 ,110.8,336.6 ,110.4,126.9
1991/10,147  ,118.2,111.2,78   ,109.9,329.8 ,108  ,124.8
1991/11,147.1,115.9,109.8,77.5 ,109.9,327.4 ,109.9,124.5
1991/12,146.7,114.9,108.2,76.5 ,110.1,326.2 ,109.9,123.6
1992/01,144.1,114.1,105.8,74.9 ,109.1,321.3 ,107.4,121.7
1992/02,145.2,115.5,106.4,75.2 ,109.9,321.6 ,108.7,123.3
1992/03,149  ,118.8,109.8,76.7 ,111.5,329.8 ,112.7,126.4
1992/04,149.9,119.9,110.1,77.2 ,112.4,331.1 ,113.7,126.9
1992/05,148.3,118.7,108.7,76.1 ,111.7,325.3 ,112.4,125.4
1992/06,145.3,115.7,105.8,74.3 ,110.5,317.6 ,110.8,122.8
1992/07,145.2,114.4,104.7,73.4 ,110.5,315.5 ,111.8,122
1992/08,145.8,114.6,104.7,73.2 ,111.2,316.1 ,113.3,122.6
1992/09,143.4,112.4,102.2,71   ,110  ,309.4 ,111.8,120.4
1992/10,141.4,109.1,100.1,69.8 ,109.2,303.6 ,110.2,119.3
1992/11,142.1,109.9,101.8,70.8 ,109.4,306.2 ,110.2,121.1
1992/12,142.1,108.7,101.3,70.9 ,109.4,306.2 ,110.4,121.1
1993/01,142.6,108  ,101.3,70.6 ,109.6,307.1 ,111.1,121.8
1993/02,139.1,104.9,98.1 ,68.7 ,108.7,299.3 ,107.9,119
1993/03,136.6,102.3,95   ,66.9 ,108  ,292.3 ,105.4,116.6
1993/04,134  ,101  ,92.5 ,65.2 ,107.4,284.5 ,103.6,114.3
1993/05,132.2,98.9 ,90.6 ,64   ,107.3,280.3 ,102.2,112.7
1993/06,130  ,95.1 ,89.1 ,62.9 ,106.5,274.8 ,99.2 ,110.9
1993/07,130.6,94.6 ,89.2 ,63.3 ,107.1,274.8 ,100.2,111.3
1993/08,128  ,91.9 ,85.7 ,61.9 ,106.2,269.3 ,98.3 ,109
1993/09,130.6,91.8 ,86   ,62   ,107.4,272   ,103.2,110.2
1993/10,132.2,92.6 ,86.7 ,62.3 ,108.6,275.4 ,105.7,110.3
1993/11,132.5,91.2 ,87.2 ,62.4 ,108.6,276.9 ,105.9,110.6
1993/12,134.2,91.4 ,88.9 ,63.1 ,109.1,279.6 ,107.8,111.9
1994/01,136.2,92.6 ,90.5 ,64.1 ,109.9,283   ,110.7,113.4
1994/02,131.8,91   ,87.5 ,61.1 ,107.8,274.8 ,105.9,109.2
1994/03,131.3,89.4 ,87.3 ,60.6 ,107.9,272.7 ,105.8,108.8
1994/04,130.2,89.8 ,86.4 ,60.4 ,107.4,269.3 ,104.7,108.3
1994/05,130.6,90.5 ,86.5 ,60.6 ,107.7,268.9 ,105.4,108.4
1994/06,130.1,91.1 ,86.8 ,60.6 ,107.3,266.8 ,105.1,108.1
1994/07,127.2,90.8 ,85.8 ,59   ,105.8,260.1 ,102.1,104.1
1994/08,128.1,91.1 ,87.9 ,59.8 ,106.2,260.4 ,103.4,105.1
1994/09,127.8,90.9 ,89.1 ,59.7 ,105.8,259.1 ,103.3,104.6
1994/10,128.1,90.9 ,91.9 ,59.8 ,105.6,258.5 ,103.7,104.8
1994/11,127.7,91.1 ,92.1 ,60.4 ,105.3,257.1 ,103  ,104.7
1994/12,129.1,91.8 ,93.3 ,62   ,106.1,258.5 ,104.4,106.6
1995/01,130  ,91.9 ,93   ,64.7 ,106.5,257.4 ,105  ,107.4
1995/02,128.8,91.5 ,93.4 ,64.5 ,105.9,253.6 ,104.3,106.4
1995/03,123.6,88.2 ,89.9 ,63   ,103.3,240.8 ,99.1 ,101.4
1995/04,118.4,87.5 ,88.6 ,60.6 ,101  ,228.6 ,93.6 ,96.6
1995/05,119.3,86.9 ,91   ,61.4 ,101.7,228.3 ,94.2 ,97.7
1995/06,119.2,86.6 ,90.3 ,62   ,101.4,227.6 ,94.3 ,97.8
1995/07,122.3,87.4 ,92.5 ,64.1 ,102.8,235.2 ,97.7 ,100.4
1995/08,128.5,91   ,95.3 ,68.2 ,105.8,247.9 ,104  ,106
1995/09,133.5,93.7 ,97.1 ,71.1 ,108.7,258.5 ,109.7,110.3
1995/10,133.5,93.4 ,96.3 ,69.7 ,109.1,259.7 ,109.3,110.8
1995/11,134  ,93.8 ,95.5 ,69.7 ,109.4,261.2 ,110.7,111.5
1995/12,133.5,93.1 ,95.2 ,69.3 ,109  ,259.7 ,110  ,111.4
1996/01,135.8,94.5 ,97.1 ,69.6 ,110.4,264.4 ,113.1,114.1
1996/02,135  ,94.5 ,97.5 ,69.3 ,110.1,259.8 ,113  ,114
1996/03,134.4,94.6 ,98   ,69.4 ,110  ,257.1 ,113  ,113.8
1996/04,134.6,95.6 ,95.5 ,69.6 ,110.4,257.1 ,113.8,114.5
1996/05,132  ,96.2 ,93.3 ,68.9 ,109.6,249.3 ,111.3,113.3
1996/06,132.9,98.3 ,92.8 ,69.6 ,110.8,247.9 ,113.8,115.1
1996/07,132.3,98.6 ,88.7 ,68.5 ,110.8,247   ,114.6,115.6
1996/08,130.6,98.4 ,87   ,67.3 ,110.2,242.3 ,113.4,114.4
1996/09,131.5,99.5 ,87.9 ,67.9 ,110.9,243.3 ,114.1,115.6
1996/10,132.9,100.8,89.4 ,68.6 ,112  ,245.1 ,115.7,116.9
1996/11,132.2,100.5,89   ,68.9 ,112.1,242   ,115.4,116.8
1996/12,132.9,101.1,89.5 ,69.6 ,112.6,242.9 ,116.1,117.6
1997/01,135  ,102.2,92.2 ,71.1 ,113.7,247.2 ,117.3,119.7
1997/02,138.7,104.5,96.6 ,73.4 ,115.4,255.2 ,120.7,123.3
1997/03,138.2,104.1,96.8 ,73.2 ,114.9,254.3 ,119.9,123
1997/04,139.9,105.4,98.6 ,74.9 ,115.4,257.1 ,121.1,125
1997/05,135.2,103.5,94.4 ,72.9 ,113.3,247   ,116.3,120.9
1997/06,130.5,101.2,90.2 ,70.4 ,110.4,238   ,111.4,117.2
1997/07,130.9,101  ,90.2 ,70.6 ,110.7,238.7 ,112.4,117.5
1997/08,132.4,102.2,90.9 ,71.7 ,111.3,242   ,114  ,119.3
1997/09,134.9,102.9,92.5 ,72.3 ,113.2,245.7 ,117  ,121.3
1997/10,134.5,103.1,91.7 ,71.8 ,113.3,244.7 ,117.2,121
1997/11,137.1,104.5,93.9 ,73.1 ,114.9,248.8 ,120.8,123
1997/12,139.8,106.2,96.1 ,74.1 ,116.6,253.1 ,123.7,125.5
1998/01,139.2,106.3,95   ,73.8 ,116.3,252.8 ,123.2,125.6
1998/02,136  ,104.9,90.7 ,70.9 ,114.6,246.6 ,120.9,123
1998/03,137.1,104.9,90.8 ,70.9 ,115.5,247.9 ,122.8,124.2
1998/04,138.7,104.6,91.4 ,71.8 ,116.6,251.1 ,124.7,125.7
1998/05,140.4,105.2,92.1 ,72.1 ,117.7,253.6 ,127.4,127.2
1998/06,144  ,110.7,94   ,73.8 ,119.5,261.3 ,131.9,130.1
1998/07,143.3,110.4,92.8 ,72.5 ,119.1,261.2 ,130.6,129.9
1998/08,145.3,111.5,93.2 ,72.8 ,120.6,265.2 ,133.4,131.8
1998/09,138.7,106.8,87.6 ,68.2 ,117.1,252.2 ,126.9,125.8
1998/10,130.5,103.1,81.3 ,63.3 ,112.9,236.3 ,117.6,118.6
1998/11,128.8,100.2,79.6 ,62.5 ,111.4,233.7 ,116.3,117.5
1998/12,126.5,99.1 ,78.5 ,61.2 ,110.4,229.2 ,113.1,115.6
1999/01,123.6,97.9 ,74.6 ,59.3 ,108.7,223.4 ,111  ,112.9
1999/02,125.7,98.4 ,75.6 ,60.4 ,109.9,227.6 ,113.7,114.8
1999/03,127.1,99.7 ,76.8 ,60.8 ,110.5,230   ,114.9,116.3
1999/04,127.2,99.3 ,77.5 ,61.1 ,110.8,229.2 ,115.7,116.2
1999/05,128.5,99.7 ,79.2 ,62   ,111.5,231.4 ,116.9,116.8
1999/06,127.4,99.7 ,79.2 ,61.7 ,110.7,229.8 ,115.1,116.3
1999/07,126.7,99.5 ,80   ,61.7 ,110.5,228.3 ,113  ,115.9
1999/08,122.6,96.9 ,77.9 ,59.8 ,108.2,219.6 ,108.4,111.5
1999/09,118.9,95.2 ,76.7 ,58.5 ,106.1,213.5 ,103.1,107.3
1999/10,119.6,101.4,81.2 ,58.6 ,105.8,212.1 ,104.6,106.4
1999/11,118.4,100.8,81.4 ,58.5 ,105.3,210.3 ,102.8,105.7
1999/12,116.7,100  ,79.5 ,57.9 ,104.3,207.1 ,100.3,104.5
2000/01,117.5,97.5 ,80.8 ,58.2 ,105.3,202.9 ,104.4,105
2000/02,120.8,101  ,85.5 ,60.1 ,107.1,208.9 ,106.9,107.8
2000/03,118.4,99.2 ,84.7 ,58.4 ,105.5,204.9 ,104.4,105.9
2000/04,116.9,97.3 ,84.5 ,58   ,105.1,202.6 ,101.3,105.6
2000/05,118.4,99.6 ,84.7 ,59.9 ,105.7,205.9 ,102.2,107.5
2000/06,117.6,97.6 ,83.1 ,58.7 ,105.5,204.4 ,102.1,106.5
2000/07,118.2,99.1 ,84.3 ,59   ,106.2,207.2 ,100.4,107.5
2000/08,117.7,99.1 ,84.8 ,59   ,106.3,205.9 ,99.7 ,107.5
2000/09,115.9,98.3 ,84   ,58.1 ,105.1,202.6 ,97.4 ,105.9
2000/10,116.4,98.7 ,84.6 ,58   ,105.8,203.2 ,98.1 ,107
2000/11,116.1,98.9 ,83.1 ,57   ,106.5,202.2 ,98.4 ,107
2000/12,119  ,101  ,84.8 ,58.6 ,108.7,204.9 ,103.2,109.3
2001/01,122.2,103.6,87.6 ,60.4 ,111.5,208.3 ,107  ,112.6
2001/02,121.3,102  ,87.2 ,59.7 ,110.6,206.6 ,106.1,112.2
2001/03,124.3,104.3,89.7 ,61.7 ,112.9,211.5 ,109.2,115.1
2001/04,124.3,106.3,90.1 ,62.2 ,113.2,211.5 ,108.2,116.3
2001/05,122.5,105.6,88.1 ,61.4 ,111.9,207.7 ,106.9,113.9
2001/06,121.5,106  ,86.7 ,60.8 ,111.4,205.6 ,106  ,113.7
2001/07,122.7,108  ,87   ,61.2 ,112.3,206.5 ,108.6,114.5
2001/08,120.7,105.7,84.7 ,59.6 ,111.4,202.2 ,107.7,112.5
2001/09,118.2,103.3,82.7 ,58   ,110  ,196.7 ,105.9,110.3
2001/10,118.4,105  ,82.2 ,58.8 ,110.8,196.4 ,106  ,110.8
2001/11,118.4,105.7,80.3 ,59.2 ,110.9,196.1 ,106.6,110.7
2001/12,121.5,108.5,82   ,61.5 ,113  ,200.7 ,110.1,114.1
2002/01,124.7,108.4,83.8 ,64.1 ,115.4,205.9 ,113.4,116.6
2002/02,125.1,109.1,84.7 ,64.9 ,115.2,207.2 ,113.4,116.2
2002/03,124.3,107.8,85.6 ,64.8 ,114.2,205.6 ,112.3,114.9
2002/04,123.9,105.8,90.1 ,65.2 ,114.2,200.5 ,113.1,114.4
2002/05,120.6,106.3,87.3 ,63.9 ,112.4,193.1 ,110.4,111.4
2002/06,118.6,103.5,84.6 ,63.3 ,111.7,188.5 ,109.4,109.4
2002/07,115.8,101  ,81.3 ,61.3 ,109.8,182.6 ,108.1,106.4
2002/08,116  ,102.5,83.2 ,62   ,109.9,181.1 ,108.4,106.9
2002/09,117  ,103.5,85.1 ,63.1 ,110.8,181.5 ,109.8,107.8
2002/10,118.9,106.2,87.2 ,65.1 ,112.8,182   ,112.1,110.3
2002/11,117.5,104.4,85.3 ,64.4 ,112  ,179.5 ,110.8,108.9
2002/12,117.8,104.3,86.7 ,65.1 ,112.5,179   ,111.6,109.5
2003/01,116.3,101.9,88.8 ,64.1 ,111.7,174.1 ,110.4,107.8
2003/02,117.3,102.7,91.5 ,65.5 ,112.1,174.7 ,111.1,108.3
2003/03,116.8,102.3,92.1 ,65.6 ,111.6,173.4 ,110.7,108.2
2003/04,117.6,103.5,88.5 ,65.4 ,111.4,173.5 ,115.1,108.8
2003/05,116.7,101  ,85.6 ,64.1 ,111.3,171.9 ,115.2,107.2
2003/06,117.4,101.7,87.3 ,64.5 ,111.4,172.5 ,116.2,107.9
2003/07,116.9,101.9,88.6 ,65.2 ,110.8,170.4 ,115.2,107.9
2003/08,116.6,102.2,89.2 ,65.8 ,110.5,169.3 ,114.8,108.1
2003/09,114.1,99.8 ,87.1 ,64.5 ,108.7,165.8 ,112  ,105.5
2003/10,110.7,96.2 ,83.7 ,62.7 ,106.2,160.6 ,108.4,102.2
2003/11,110.4,96.1 ,83.8 ,63.5 ,105.9,159.4 ,108.6,101.6
2003/12,110.4,95.4 ,83.8 ,64.3 ,106.3,158.2 ,109.1,101
2004/01,111  ,96.7 ,85.8 ,66.4 ,106.3,156.1 ,111.2,100.1
2004/02,112.2,97.5 ,87.6 ,71.4 ,106.3,156.7 ,111.6,100.3
2004/03,113.7,99.7 ,89.3 ,75.1 ,106.7,158.2 ,112.2,102
2004/04,111.4,99.3 ,90.2 ,74   ,105.4,155.1 ,108.1,100.3
2004/05,115.3,104.1,94.1 ,76.9 ,108.6,160.3 ,112  ,103.8
2004/06,113.4,102  ,92.9 ,75.1 ,107  ,157.8 ,110.1,102.4
2004/07,114.2,103.2,96.4 ,78.2 ,107.5,157.2 ,110.1,103
2004/08,115.3,104.5,102  ,79.2 ,108.1,157.2 ,110.6,103.8
2004/09,115.3,105.6,104  ,79.4 ,107.8,156.1 ,110.4,103
2004/10,115.4,105.7,107.7,81.3 ,107.9,153.9 ,110.4,102.7
2004/11,113.2,103.6,105.1,79.4 ,106.5,150.3 ,108.4,100.3
2004/12,112.5,103  ,101.8,79.8 ,106.5,149.4 ,108.1,100.2
2005/01,112.7,101.9,100.7,81.3 ,105.8,150.8 ,107.8,99.9
2005/02,114.2,103.6,104.5,84.3 ,106.8,151.1 ,109.1,101.4
2005/03,114.7,104.5,106.8,86   ,107  ,149.9 ,109.7,102.4
2005/04,115.3,107  ,106.4,88.9 ,107.7,148.8 ,110.6,104
2005/05,113.9,106.2,101.7,87.1 ,108.1,146.5 ,109.7,103.6
2005/06,114.2,106.4,100.3,88.2 ,108.2,147.1 ,109.9,104.8
2005/07,116.2,108.2,104.5,90.9 ,109.4,149.1 ,111.1,106.9
2005/08,115.6,106.8,104.2,91.5 ,109  ,147.7 ,110.9,106.8
2005/09,115.8,107  ,105.9,92   ,108.8,146.6 ,111.1,108.1
2005/10,117.6,108.9,110.4,94.9 ,110.3,146.9 ,113  ,109.9
2005/11,119.3,111.3,110.3,97.3 ,111.4,149.1 ,115.1,111.1
2005/12,119.3,111.3,108.5,97.4 ,111.5,149.1 ,115.4,111
2006/01,116.9,107.7,107.5,93.8 ,110  ,146.3 ,112.9,108.6
2006/02,118.5,110.4,110.9,96.4 ,110.8,148.1 ,114.2,109.9
2006/03,118  ,111.5,109  ,97.3 ,110.7,146.6 ,113.8,109.6
2006/04,118.5,112  ,110  ,102  ,110.7,145.7 ,114  ,110.3
2006/05,116.3,108.3,108.1,104.6,109.1,141.3 ,111.6,107.2
2006/06,118.2,110  ,112.3,106.3,110.2,142.8 ,113.7,108.9
2006/07,119.8,112  ,116  ,110.4,111.1,142.9 ,115.4,109.9
2006/08,120.6,113.7,118.7,111.8,110.9,142.8 ,116.3,110.5
2006/09,121.5,114.4,121.7,113.9,111.4,143.2 ,117.3,111
2006/10,121.8,115.6,120  ,115.4,111.9,143.6 ,116.8,112.1
2006/11,120.7,114.2,117  ,114.6,112.3,142.6 ,115.7,110.4
2006/12,121  ,113.8,117.8,114.4,112.7,142.5 ,116.1,110.7
2007/01,122.6,115.1,121.2,115.2,114  ,143.4 ,118  ,112.9
2007/02,122.6,115.8,121.2,115.7,113.9,142.3 ,118.6,113.1
2007/03,120.8,114.1,118.9,116.7,112.5,139.8 ,116.4,111.8
2007/04,122.6,115.1,122.4,123.2,113.8,140.1 ,117.2,113.3
2007/05,124.3,117.6,125.9,126.2,114.6,141.4 ,118.7,114.7
2007/06,125.8,119.8,128.8,127.8,115.9,142   ,120.3,116.7
2007/07,125.5,119.2,127.7,127.7,115.5,142.6 ,119.2,117.3
2007/08,121.5,116.8,124.3,121  ,112.9,138.3 ,115.3,114.1
2007/09,120.4,115.5,122.7,120.1,112.1,135.6 ,114.8,113.7
2007/10,121.1,115.9,123.3,122  ,113  ,135.2 ,115.8,115.6
2007/11,118  ,112.6,120.2,116.7,111.3,131.3 ,112.4,114.2
2007/12,118.4,114.4,121.5,116.8,111.4,131.6 ,113  ,115.2
2008/01,115.5,110  ,119.5,115.5,109.1,127.5 ,109.9,112.3
2008/02,116.1,109.9,120.1,121.1,108.8,126.6 ,109.9,112.7
2008/03,112.6,104.8,115.8,119.8,106.5,121.8 ,106.2,110.5
2008/04,115.3,109.6,120.5,127.9,107.7,122   ,109  ,113
2008/05,117.4,111.2,124.5,131.5,108.9,122.9 ,110.4,117.4
2008/06,120.7,113.9,132.3,137.8,110.8,124.6 ,112.8,122.9
2008/07,122.1,115.2,137  ,143.2,111.5,124   ,113.7,123.8
2008/08,122.1,117.4,135.1,142  ,111.8,124.5 ,114.1,123.4
2008/09,118.3,115.1,124.9,137.5,109.4,121.8 ,110.7,120.6
2008/10,109.6,108.3,106.2,118.3,105.3,116   ,104.3,111.8
2008/11,104.5,103.9,91.1 ,110.6,102.7,113.2 ,100.1,106
2008/12,100.6,98.2 ,86.2 ,101  ,101  ,109.9 ,97.4 ,100.7
2009/01,99.5 ,95.3 ,84.8 ,96.1 ,100.7,107.7 ,99.1 ,99.3
2009/02,100.1,96.5 ,86.8 ,94.7 ,101.5,108.1 ,99.8 ,99.8
2009/03,104.2,101.4,92.2 ,96.6 ,105  ,111.7 ,104.9,103.7
2009/04,105.6,102.2,95.8 ,91.6 ,106.5,111.7 ,109.4,105
2009/05,103.8,101.6,95.9 ,89   ,105.3,110.1 ,107  ,103.6
2009/06,104.9,102.1,97.8 ,88.1 ,106.1,110.4 ,109.6,103.9
2009/07,103.1,101.5,96.8 ,87.9 ,104.1,108.3 ,106.8,102.7
2009/08,104.4,102.1,99.3 ,92.9 ,104.8,108.4 ,107.7,104.1
2009/09,102.1,100.3,96   ,91.3 ,103  ,106.1 ,105.1,101.7
2009/10,101.2,100.8,93.4 ,89.8 ,102.6,105.3 ,104.1,101.3
2009/11,100.8,100.7,94.2 ,91.1 ,101.8,104.6 ,103.4,101.2
2009/12,100.7,100.6,97   ,92.5 ,101.8,104.4 ,101.4,101.1
2010/01,102.2,103.5,99.1 ,96.4 ,102.5,106   ,102.5,102
2010/02,101.6,102.1,101.1,97   ,101.9,104.5 ,101.1,101.4
2010/03,101.8,102.5,102  ,98.6 ,102  ,103.9 ,101.2,101.2
2010/04,104.6,106.6,105.9,105.4,102.8,105.3 ,103.9,105.3
2010/05,102.9,103.1,105.4,105.2,100.9,103.2 ,101.3,104.3
2010/06,101.6,101.8,102.4,103.3,100.8,102   ,100.4,102
2010/07,99   ,97.9 ,97.2 ,100.1,99   ,99.1  ,98.7 ,99.7
2010/08,97.3 ,95.8 ,94.6 ,97.7 ,98.3 ,97.1  ,97.6 ,97.8
2010/09,97   ,97.2 ,96   ,97.7 ,98   ,95.9  ,97.4 ,96.9
2010/10,96.4 ,95.4 ,95.8 ,97.1 ,97.8 ,94.3  ,97.9 ,95.1
2010/11,97.4 ,95   ,99   ,99.7 ,97.9 ,94.1  ,98.8 ,96.5
2010/12,98.3 ,99.1 ,101.6,101.7,98   ,94.6  ,99.1 ,97.8
2011/01,98.6 ,101.7,104  ,103.5,98.8 ,92.7  ,99.3 ,99
2011/02,99.5 ,101.7,107.3,105.2,97.9 ,93.9  ,99.6 ,100.6
2011/03,99.6 ,104.5,108.4,106.4,98.1 ,92.4  ,99.6 ,102.4
2011/04,101.7,107.5,112.7,110.1,98.3 ,93.7  ,101.4,106.1
2011/05,99.9 ,106  ,111.5,107.2,97.3 ,91.5  ,99.6 ,104.1
2011/06,99.3 ,105.7,110.2,105.9,97.5 ,90.6  ,99   ,103.8
2011/07,98.3 ,104.1,108.2,104.7,96.6 ,89.6  ,98.2 ,103.7
2011/08,96.6 ,104  ,106  ,103.9,96   ,87.6  ,95.9 ,101.3
2011/09,96.1 ,101.6,106.6,104.2,95.5 ,86.9  ,95.1 ,100.2
2011/10,95.2 ,103.2,103.3,101.2,96.2 ,86.1  ,94.9 ,99.1
2011/11,94.8 ,103.1,100.1,100  ,95.5 ,85.9  ,95.3 ,100.5
2011/12,94.5 ,103.5,97.9 ,100.1,95.5 ,85.2  ,95.3 ,100.5
2012/01,94   ,102.8,99.7 ,99.1 ,95.3 ,84.2  ,94.4 ,100.2
2012/02,95.8 ,102.6,103.2,101.7,96.6 ,84.7  ,96.8 ,102
2012/03,99.2 ,108  ,109.3,106.8,98   ,87.5  ,100.2,106.5
2012/04,98.7 ,108.6,109.2,104.8,98.1 ,86.7  ,99.9 ,105.7
2012/05,96.3 ,103.6,106.6,101.3,96.7 ,84.7  ,97.7 ,102.1
2012/06,95   ,101.6,101.6,98.5 ,96.6 ,84    ,97.6 ,100
2012/07,94   ,101.9,98.6 ,97   ,95.7 ,83.6  ,97   ,98.9
2012/08,94.1 ,102.5,99.3 ,96.4 ,96.4 ,83.1  ,97   ,99.5
2012/09,94.1 ,104.1,100.3,95.4 ,95.5 ,83.4  ,96.9 ,100
2012/10,94.7 ,107.3,102.3,96.7 ,95.7 ,82.8  ,98.3 ,100.8
2012/11,95.9 ,106.6,103.3,97.6 ,96.8 ,83.8  ,99.8 ,102.4
2012/12,98   ,110.1,105.3,100.2,98.5 ,85.4  ,102.3,104.3
2013/01,102.4,119.2,111.8,106.7,100.8,88.8  ,107.1,109.3
2013/02,105.9,127.8,117.4,111.1,102.9,91.4  ,110.6,113.2
2013/03,106.6,122.9,119.6,112.1,102.9,92    ,111.5,114.6
2013/04,107.5,125.9,118.7,112.7,104.4,93.9  ,111.9,115.1
2013/05,109.1,130.7,120.5,113.4,104.8,96    ,114  ,116.8
2013/06,106.1,123.8,116.7,108.1,102.9,94    ,110.7,113.5
2013/07,107.5,125.7,119.1,109.1,104.1,95.7  ,111.7,115
2013/08,106.1,124.5,118.2,107.3,103.5,93.9  ,110.2,113.6
2013/09,107.2,128.5,120.3,109.9,104.1,94.1  ,111.3,115
2013/10,106.7,125.2,119.9,108.8,104.5,93.6  ,110.7,113.8
2013/11,108  ,127  ,120.8,111  ,105.5,93.8  ,112.9,115.4
2013/12,110.4,131.8,124.1,113.1,107.3,95.7  ,115.4,118.7
2014/01,110.7,130.3,124.5,113.3,108  ,95.9  ,115.9,118.4
2014/02,109.2,128.6,122.7,111.7,107.1,94.5  ,114.6,115.9
2014/03,109.1,131.5,121.6,111.6,107.5,94.3  ,114.6,115.4
2014/04,109  ,129.5,121.3,111.7,106.7,94    ,115.1,115.5
2014/05,108.2,130.1,120.3,111.1,106.6,92.7  ,114.5,114.3
2014/06,108.1,129.7,121.9,111.6,106  ,92.1  ,114.1,114.2
2014/07,107.9,129.4,122.8,111.2,105.9,91.8  ,114.2,113.2
2014/08,108.8,130.9,124.2,112.8,106.5,92.7  ,114.8,113.4
2014/09,111  ,139.7,126.6,115.9,108.3,94.4  ,117.4,115
2014/10,110.8,135.3,125.9,113.6,108.3,94.9  ,118  ,114.1
2014/11,115.6,145.4,129.4,119.8,111.8,99.5  ,124  ,118.5
2014/12,116.4,143  ,126.9,121.1,112.9,101.4 ,125.9,116.4
2015/01,113.1,144.1,117.7,118  ,111.3,100.2 ,122.7,109.5
2015/02,112.1,137.8,114.7,115.6,111.7,99.4  ,122.5,107.6
2015/03,112.8,139.6,117.5,115  ,111.6,100.4 ,123.3,108.3
2015/04,112.1,141  ,120.6,112.8,111.3,99.2  ,121.9,107.9
2015/05,113.4,138.9,124.3,113.9,112.1,99.6  ,123.6,109.5
2015/06,115.2,142.1,127.2,115.9,113.4,101   ,125.8,110.9
2015/07,113.6,141  ,124.2,111.8,112.9,100.4 ,124.9,107.8
2015/08,112.7,139.2,120.9,108.9,113.3,100.4 ,125.1,104.3
2015/09,109.6,136.1,114.3,103.9,111.7,98    ,122.5,101.4
2015/10,108.7,134.8,111.7,102.1,111.2,97.1  ,122.2,101
2015/11,109.5,138.2,112  ,102.9,112  ,97.9  ,123.3,101.2
2015/12,108.4,133.5,109.9,100.3,112.1,97.2  ,123  ,98
2016/01,105.4,132.6,105.9,96.9 ,110.4,94.7  ,120.2,92.8
2016/02,103.2,125.4,102.5,95.1 ,108.7,93.1  ,117.8,89.6
2016/03,102.5,127.4,101.8,96.5 ,107.8,91.6  ,116.6,89.5
2016/04,101.2,120.8,102.7,97.6 ,107  ,88.9  ,114.3,88.7
2016/05,100.8,120.5,103.5,96   ,106.8,88.3  ,113.4,89.1
2016/06,98.5 ,117.1,100.9,93.6 ,104.9,86.1  ,110.8,88
2016/07,97.6 ,115.1,99.1 ,93.2 ,104.2,85.3  ,109.9,87.1
2016/08,96.3 ,113.2,98   ,92.5 ,103.3,84    ,108  ,85.2
2016/09,96.9 ,113.9,99.3 ,93.1 ,103.7,84.3  ,108.5,85.8
2016/10,98   ,115.6,101.9,94.2 ,104.5,84.9  ,109.8,87.5
2016/11,101  ,119.5,107  ,99   ,105.7,87.7  ,112.7,89.8
2016/12,106.4,126.8,115.1,108  ,108.4,92.3  ,118.2,95.3
2017/01,     ,     ,     ,     ,     ,      ,     ,
2017/02,     ,     ,     ,     ,     ,      ,     ,
2017/03,     ,     ,     ,     ,     ,      ,     ,
2017/04,     ,     ,     ,     ,     ,      ,     ,
2017/05,     ,     ,     ,     ,     ,      ,     ,
2017/06,     ,     ,     ,     ,     ,      ,     ,
2017/07,     ,     ,     ,     ,     ,      ,     ,
2017/08,     ,     ,     ,     ,     ,      ,     ,
2017/09,     ,     ,     ,     ,     ,      ,     ,
2017/10,     ,     ,     ,     ,     ,      ,     ,
2017/11,     ,     ,     ,     ,     ,      ,     ,
2017/12,     ,     ,     ,     ,     ,      ,     ,
2018/01,     ,     ,     ,     ,     ,      ,     ,
2018/02,     ,     ,     ,     ,     ,      ,     ,
2018/03,     ,     ,     ,     ,     ,      ,     ,
2018/04,     ,     ,     ,     ,     ,      ,     ,
2018/05,     ,     ,     ,     ,     ,      ,     ,
2018/06,     ,     ,     ,     ,     ,      ,     ,
2018/07,     ,     ,     ,     ,     ,      ,     ,
2018/08,     ,     ,     ,     ,     ,      ,     ,
2018/09,     ,     ,     ,     ,     ,      ,     ,
2018/10,     ,     ,     ,     ,     ,      ,     ,
2018/11,     ,     ,     ,     ,     ,      ,     ,
2018/12,     ,     ,     ,     ,     ,      ,     ,
