データコード,PR01'PRCG_18Z0011001,PR01'PRCG_18Z0011002,PR01'PRCG_18Z0011003,PR01'PRCG_18Z0011004,PR01'PRCG_18Z0011005
系列名称,"生産財","生産財/_建設用材料","生産財/_燃料・動力","資本財","消費財"
系列名称（英字）,"Producer goods","Producer goods/_Construction materials","Producer goods/_Fuel & energy","Capital goods","Consumer goods"
単位,"1934〜1936年平均=1","1934〜1936年平均=1","1934〜1936年平均=1","1934〜1936年平均=1","1934〜1936年平均=1"
単位（英字）,"1934-36 average=1","1934-36 average=1","1934-36 average=1","1934-36 average=1","1934-36 average=1"
統計種別・カテゴリ,"企業物価指数 2015年基準/戦前基準指数","企業物価指数 2015年基準/戦前基準指数","企業物価指数 2015年基準/戦前基準指数","企業物価指数 2015年基準/戦前基準指数","企業物価指数 2015年基準/戦前基準指数"
統計種別・カテゴリ(英字),"Corporate Goods Price Index (2015 Base)/ Prewar Base Index","Corporate Goods Price Index (2015 Base)/ Prewar Base Index","Corporate Goods Price Index (2015 Base)/ Prewar Base Index","Corporate Goods Price Index (2015 Base)/ Prewar Base Index","Corporate Goods Price Index (2015 Base)/ Prewar Base Index"
変換方法,"AVERAGED","AVERAGED","AVERAGED","AVERAGED","AVERAGED"
収録開始期,"1946/01","1931/01","1931/01","1952/01","1946/01"
収録終了期,"2018/09","2018/09","2018/09","2018/09","2018/09"
期種,月次,月次,月次,月次,月次
備考,"1934〜1936年平均=1","1934〜1936年平均=1","1934〜1936年平均=1","1934〜1936年平均=1","1934〜1936年平均=1"
備考（英字）,"1934-36 average=1","1934-36 average=1","1934-36 average=1","1934-36 average=1","1934-36 average=1"

1930/01,      ,      ,      ,     ,
1930/02,      ,      ,      ,     ,
1930/03,      ,      ,      ,     ,
1930/04,      ,      ,      ,     ,
1930/05,      ,      ,      ,     ,
1930/06,      ,      ,      ,     ,
1930/07,      ,      ,      ,     ,
1930/08,      ,      ,      ,     ,
1930/09,      ,      ,      ,     ,
1930/10,      ,      ,      ,     ,
1930/11,      ,      ,      ,     ,
1930/12,      ,      ,      ,     ,
1931/01,      ,0.768 ,0.892 ,     ,
1931/02,      ,0.787 ,0.89  ,     ,
1931/03,      ,0.829 ,0.857 ,     ,
1931/04,      ,0.865 ,0.84  ,     ,
1931/05,      ,0.81  ,0.823 ,     ,
1931/06,      ,0.79  ,0.813 ,     ,
1931/07,      ,0.796 ,0.81  ,     ,
1931/08,      ,0.821 ,0.807 ,     ,
1931/09,      ,0.813 ,0.809 ,     ,
1931/10,      ,0.809 ,0.811 ,     ,
1931/11,      ,0.797 ,0.802 ,     ,
1931/12,      ,0.81  ,0.807 ,     ,
1932/01,      ,0.862 ,0.813 ,     ,
1932/02,      ,0.847 ,0.792 ,     ,
1932/03,      ,0.857 ,0.784 ,     ,
1932/04,      ,0.849 ,0.779 ,     ,
1932/05,      ,0.827 ,0.757 ,     ,
1932/06,      ,0.8   ,0.746 ,     ,
1932/07,      ,0.792 ,0.736 ,     ,
1932/08,      ,0.816 ,0.747 ,     ,
1932/09,      ,0.891 ,0.776 ,     ,
1932/10,      ,0.928 ,0.801 ,     ,
1932/11,      ,0.967 ,0.823 ,     ,
1932/12,      ,1.092 ,0.872 ,     ,
1933/01,      ,1.162 ,0.903 ,     ,
1933/02,      ,1.134 ,0.905 ,     ,
1933/03,      ,1.085 ,0.903 ,     ,
1933/04,      ,1.043 ,0.9   ,     ,
1933/05,      ,0.968 ,0.903 ,     ,
1933/06,      ,0.959 ,0.9   ,     ,
1933/07,      ,0.935 ,0.92  ,     ,
1933/08,      ,0.983 ,0.932 ,     ,
1933/09,      ,0.972 ,0.939 ,     ,
1933/10,      ,0.966 ,0.928 ,     ,
1933/11,      ,0.956 ,0.939 ,     ,
1933/12,      ,0.942 ,0.96  ,     ,
1934/01,      ,0.952 ,0.95  ,     ,
1934/02,      ,0.964 ,0.947 ,     ,
1934/03,      ,0.983 ,0.95  ,     ,
1934/04,      ,0.978 ,0.958 ,     ,
1934/05,      ,0.976 ,0.96  ,     ,
1934/06,      ,0.985 ,0.959 ,     ,
1934/07,      ,1.011 ,0.967 ,     ,
1934/08,      ,1.034 ,0.97  ,     ,
1934/09,      ,1.084 ,0.98  ,     ,
1934/10,      ,1.093 ,0.987 ,     ,
1934/11,      ,1.05  ,0.986 ,     ,
1934/12,      ,1.015 ,0.992 ,     ,
1935/01,      ,1.002 ,0.998 ,     ,
1935/02,      ,0.986 ,0.996 ,     ,
1935/03,      ,0.997 ,0.995 ,     ,
1935/04,      ,0.992 ,0.99  ,     ,
1935/05,      ,0.98  ,0.986 ,     ,
1935/06,      ,0.988 ,0.985 ,     ,
1935/07,      ,0.987 ,0.985 ,     ,
1935/08,      ,0.986 ,0.985 ,     ,
1935/09,      ,0.997 ,0.989 ,     ,
1935/10,      ,1.013 ,1.001 ,     ,
1935/11,      ,0.998 ,1.004 ,     ,
1935/12,      ,0.986 ,1.008 ,     ,
1936/01,      ,0.982 ,1.015 ,     ,
1936/02,      ,0.982 ,1.037 ,     ,
1936/03,      ,0.992 ,1.034 ,     ,
1936/04,      ,0.988 ,1.031 ,     ,
1936/05,      ,0.967 ,1.024 ,     ,
1936/06,      ,0.965 ,1.031 ,     ,
1936/07,      ,0.959 ,1.033 ,     ,
1936/08,      ,0.969 ,1.035 ,     ,
1936/09,      ,0.994 ,1.039 ,     ,
1936/10,      ,1.008 ,1.046 ,     ,
1936/11,      ,1.031 ,1.063 ,     ,
1936/12,      ,1.142 ,1.078 ,     ,
1937/01,      ,1.331 ,1.085 ,     ,
1937/02,      ,1.277 ,1.081 ,     ,
1937/03,      ,1.394 ,1.084 ,     ,
1937/04,      ,1.494 ,1.132 ,     ,
1937/05,      ,1.416 ,1.147 ,     ,
1937/06,      ,1.354 ,1.153 ,     ,
1937/07,      ,1.348 ,1.204 ,     ,
1937/08,      ,1.343 ,1.221 ,     ,
1937/09,      ,1.358 ,1.245 ,     ,
1937/10,      ,1.361 ,1.366 ,     ,
1937/11,      ,1.387 ,1.377 ,     ,
1937/12,      ,1.436 ,1.389 ,     ,
1938/01,      ,1.451 ,1.465 ,     ,
1938/02,      ,1.492 ,1.463 ,     ,
1938/03,      ,1.517 ,1.46  ,     ,
1938/04,      ,1.529 ,1.509 ,     ,
1938/05,      ,1.573 ,1.528 ,     ,
1938/06,      ,1.628 ,1.532 ,     ,
1938/07,      ,1.573 ,1.539 ,     ,
1938/08,      ,1.569 ,1.533 ,     ,
1938/09,      ,1.583 ,1.504 ,     ,
1938/10,      ,1.593 ,1.504 ,     ,
1938/11,      ,1.641 ,1.486 ,     ,
1938/12,      ,1.654 ,1.477 ,     ,
1939/01,      ,1.692 ,1.48  ,     ,
1939/02,      ,1.738 ,1.48  ,     ,
1939/03,      ,1.761 ,1.48  ,     ,
1939/04,      ,1.78  ,1.48  ,     ,
1939/05,      ,1.754 ,1.481 ,     ,
1939/06,      ,1.761 ,1.475 ,     ,
1939/07,      ,1.768 ,1.475 ,     ,
1939/08,      ,1.769 ,1.495 ,     ,
1939/09,      ,1.878 ,1.499 ,     ,
1939/10,      ,1.884 ,1.499 ,     ,
1939/11,      ,1.886 ,1.527 ,     ,
1939/12,      ,1.887 ,1.527 ,     ,
1940/01,      ,1.897 ,1.519 ,     ,
1940/02,      ,2.104 ,1.522 ,     ,
1940/03,      ,2.09  ,1.522 ,     ,
1940/04,      ,2.085 ,1.601 ,     ,
1940/05,      ,2.06  ,1.601 ,     ,
1940/06,      ,2.06  ,1.601 ,     ,
1940/07,      ,2.06  ,1.601 ,     ,
1940/08,      ,2.112 ,1.62  ,     ,
1940/09,      ,2.133 ,1.633 ,     ,
1940/10,      ,2.129 ,1.68  ,     ,
1940/11,      ,2.124 ,1.68  ,     ,
1940/12,      ,2.124 ,1.68  ,     ,
1941/01,      ,2.174 ,1.68  ,     ,
1941/02,      ,2.199 ,1.68  ,     ,
1941/03,      ,2.199 ,1.68  ,     ,
1941/04,      ,2.199 ,1.717 ,     ,
1941/05,      ,2.2   ,1.721 ,     ,
1941/06,      ,2.201 ,1.721 ,     ,
1941/07,      ,2.203 ,1.721 ,     ,
1941/08,      ,2.203 ,1.732 ,     ,
1941/09,      ,2.205 ,1.732 ,     ,
1941/10,      ,2.217 ,1.726 ,     ,
1941/11,      ,2.217 ,1.726 ,     ,
1941/12,      ,2.217 ,1.726 ,     ,
1942/01,      ,2.24  ,1.831 ,     ,
1942/02,      ,2.24  ,1.831 ,     ,
1942/03,      ,2.24  ,1.831 ,     ,
1942/04,      ,2.24  ,1.841 ,     ,
1942/05,      ,2.24  ,1.841 ,     ,
1942/06,      ,2.258 ,1.841 ,     ,
1942/07,      ,2.275 ,1.841 ,     ,
1942/08,      ,2.309 ,1.841 ,     ,
1942/09,      ,2.335 ,1.841 ,     ,
1942/10,      ,2.335 ,1.841 ,     ,
1942/11,      ,2.335 ,1.841 ,     ,
1942/12,      ,2.335 ,1.841 ,     ,
1943/01,      ,2.335 ,1.841 ,     ,
1943/02,      ,2.335 ,1.841 ,     ,
1943/03,      ,2.348 ,1.841 ,     ,
1943/04,      ,2.348 ,1.841 ,     ,
1943/05,      ,2.348 ,1.841 ,     ,
1943/06,      ,2.348 ,1.841 ,     ,
1943/07,      ,2.364 ,1.841 ,     ,
1943/08,      ,2.396 ,1.841 ,     ,
1943/09,      ,2.441 ,1.841 ,     ,
1943/10,      ,2.507 ,1.841 ,     ,
1943/11,      ,2.541 ,1.841 ,     ,
1943/12,      ,2.541 ,1.841 ,     ,
1944/01,      ,2.541 ,1.841 ,     ,
1944/02,      ,2.549 ,1.894 ,     ,
1944/03,      ,2.552 ,1.92  ,     ,
1944/04,      ,2.572 ,1.92  ,     ,
1944/05,      ,2.581 ,1.92  ,     ,
1944/06,      ,2.581 ,1.967 ,     ,
1944/07,      ,2.672 ,1.967 ,     ,
1944/08,      ,2.717 ,1.967 ,     ,
1944/09,      ,3.035 ,1.967 ,     ,
1944/10,      ,3.253 ,1.967 ,     ,
1944/11,      ,3.253 ,1.967 ,     ,
1944/12,      ,3.259 ,1.967 ,     ,
1945/01,      ,3.262 ,1.967 ,     ,
1945/02,      ,3.342 ,1.967 ,     ,
1945/03,      ,3.342 ,1.967 ,     ,
1945/04,      ,3.375 ,2.009 ,     ,
1945/05,      ,3.527 ,2.009 ,     ,
1945/06,      ,3.527 ,2.009 ,     ,
1945/07,      ,3.527 ,2.416 ,     ,
1945/08,      ,3.535 ,2.4   ,     ,
1945/09,      ,3.837 ,2.4   ,     ,
1945/10,      ,3.983 ,2.4   ,     ,
1945/11,      ,4.346 ,3.072 ,     ,
1945/12,      ,8.976 ,5.816 ,     ,
1946/01,8.611 ,10.93 ,7.353 ,     ,6.572
1946/02,9.534 ,11.88 ,7.942 ,     ,7.018
1946/03,12.51 ,15.58 ,11.36 ,     ,10.53
1946/04,16.2  ,17.42 ,11.69 ,     ,13.12
1946/05,16.54 ,17.52 ,11.69 ,     ,13.56
1946/06,17.35 ,18.2  ,11.69 ,     ,14.02
1946/07,18.53 ,18.77 ,11.69 ,     ,14.85
1946/08,18.79 ,19.1  ,11.74 ,     ,16.37
1946/09,19.26 ,19.54 ,12.38 ,     ,19.52
1946/10,19.28 ,19.51 ,12.38 ,     ,19.86
1946/11,19.19 ,19.47 ,12.49 ,     ,23.74
1946/12,19.53 ,19.47 ,15.16 ,     ,25.34
1947/01,20.45 ,19.47 ,17.31 ,     ,25.87
1947/02,20.5  ,19.47 ,17.31 ,     ,26.58
1947/03,20.8  ,20.47 ,18.28 ,     ,27.63
1947/04,26.47 ,43.24 ,25.49 ,     ,34.26
1947/05,28.01 ,44.02 ,26.79 ,     ,35.18
1947/06,29.23 ,45.1  ,26.79 ,     ,36.07
1947/07,44.99 ,60.41 ,57.88 ,     ,49.26
1947/08,58.43 ,77.36 ,69.38 ,     ,58.31
1947/09,66.45 ,87.99 ,69.98 ,     ,63.13
1947/10,73.17 ,94.29 ,69.98 ,     ,70.34
1947/11,74.16 ,94.39 ,70.1  ,     ,84.6
1947/12,74.44 ,94.4  ,70.1  ,     ,91.1
1948/01,74.49 ,94.44 ,70.1  ,     ,94.96
1948/02,74.49 ,94.44 ,70.1  ,     ,97.05
1948/03,74.49 ,94.44 ,70.1  ,     ,98.67
1948/04,74.56 ,94.44 ,70.1  ,     ,99.24
1948/05,74.56 ,94.44 ,70.1  ,     ,102
1948/06,81.64 ,100.5 ,92.74 ,     ,105.4
1948/07,121.9 ,146.1 ,170.1 ,     ,144.4
1948/08,143.5 ,168.2 ,172.9 ,     ,168.3
1948/09,150.7 ,171.5 ,179   ,     ,188.2
1948/10,152.3 ,173.9 ,179   ,     ,193
1948/11,152.6 ,175   ,179.2 ,     ,220.4
1948/12,154.3 ,181.4 ,179.5 ,     ,222.2
1949/01,155.3 ,186   ,179.5 ,     ,227.3
1949/02,159.8 ,186   ,179.5 ,     ,235.4
1949/03,160.7 ,186   ,179.5 ,     ,236.1
1949/04,167.2 ,186.6 ,179.6 ,     ,248.2
1949/05,170.3 ,186.6 ,179.6 ,     ,253.2
1949/06,170.6 ,186.8 ,180.1 ,     ,251.3
1949/07,170.5 ,186.5 ,183.4 ,     ,251.9
1949/08,174.3 ,187.1 ,192.6 ,     ,254.7
1949/09,178.9 ,187   ,199.6 ,     ,257.4
1949/10,182.3 ,188.5 ,197.4 ,     ,257.6
1949/11,183   ,188.8 ,198.3 ,     ,256.9
1949/12,183.5 ,189.2 ,205.5 ,     ,255.6
1950/01,199.1 ,204.4 ,223.1 ,     ,256
1950/02,198.8 ,206.5 ,222   ,     ,252.8
1950/03,200.7 ,202.6 ,220   ,     ,251.5
1950/04,199.1 ,199.2 ,211.6 ,     ,255.1
1950/05,201.3 ,198.3 ,208.1 ,     ,254.9
1950/06,201   ,189.8 ,205.8 ,     ,257.8
1950/07,210.1 ,195.4 ,205   ,     ,275.6
1950/08,227.7 ,209.4 ,206.3 ,     ,278.4
1950/09,238.9 ,222.3 ,206.9 ,     ,276.8
1950/10,250.9 ,245.3 ,212.5 ,     ,280.8
1950/11,264.8 ,269.3 ,215.3 ,     ,283.5
1950/12,272.4 ,276.7 ,217.2 ,     ,285.2
1951/01,294.1 ,292.4 ,225   ,     ,292.8
1951/02,314.2 ,311.3 ,221.9 ,     ,303.3
1951/03,331.2 ,332.6 ,223.8 ,     ,321.3
1951/04,352.9 ,329.3 ,240.3 ,     ,327.4
1951/05,351.7 ,326.2 ,241.2 ,     ,327.1
1951/06,346   ,321.8 ,241.5 ,     ,321.9
1951/07,343.2 ,318.4 ,255.4 ,     ,316.9
1951/08,344.3 ,318.1 ,263.4 ,     ,334.8
1951/09,349.7 ,324.7 ,270.7 ,     ,338
1951/10,357.4 ,329.7 ,287.7 ,     ,341.8
1951/11,357.8 ,331   ,290.9 ,     ,340.6
1951/12,356.4 ,323.9 ,294.7 ,     ,336.6
1952/01,364.7 ,328   ,308.1 ,251.9,335
1952/02,366.6 ,330   ,308.8 ,253.4,333.8
1952/03,361.9 ,329.1 ,310.3 ,253.9,333
1952/04,359   ,323.2 ,312.2 ,256.1,331.2
1952/05,356.9 ,318.8 ,329.5 ,254.3,329.2
1952/06,352.8 ,313.2 ,337.1 ,253  ,328.6
1952/07,352.8 ,317.6 ,333.8 ,251.9,328.2
1952/08,356   ,325.9 ,333.1 ,249.9,328.8
1952/09,358   ,333.3 ,333.8 ,248.3,331.1
1952/10,357.8 ,335.4 ,340   ,249  ,332.3
1952/11,353.7 ,332.6 ,340.4 ,249.2,332.8
1952/12,352.3 ,328.5 ,343.5 ,247.5,334.9
1953/01,356.6 ,328.5 ,345.6 ,247.5,334.6
1953/02,361.2 ,330.8 ,346.3 ,246.9,336.7
1953/03,362.3 ,334.9 ,343.8 ,247.5,330.1
1953/04,359.1 ,337.2 ,332.7 ,249.1,322.8
1953/05,359.4 ,334.9 ,332.7 ,249.1,322.5
1953/06,362.7 ,336.8 ,329.9 ,249.1,325.6
1953/07,364.1 ,349.2 ,326   ,250.2,327.3
1953/08,373.4 ,362   ,327.1 ,249.6,332.2
1953/09,377.3 ,364.2 ,330.2 ,250.7,334.2
1953/10,374.1 ,367.6 ,328.5 ,249.9,336.3
1953/11,374.1 ,371.8 ,327.4 ,250.2,340.1
1953/12,376.6 ,373   ,329.2 ,250.7,340.5
1954/01,377   ,376.7 ,320.8 ,249.6,348.1
1954/02,376.6 ,375.9 ,321.2 ,250.4,350.2
1954/03,372.7 ,370.3 ,319.8 ,250.4,347.7
1954/04,364.8 ,365.4 ,311.4 ,250.7,339.8
1954/05,355.9 ,355.2 ,310.3 ,249.9,338.7
1954/06,348   ,348.1 ,309.3 ,247.7,335.3
1954/07,346.2 ,343.2 ,307.5 ,246.9,333.5
1954/08,347.6 ,342.4 ,306.5 ,246.4,336
1954/09,348   ,344.7 ,306.1 ,245.6,339.1
1954/10,349.1 ,345.8 ,306.8 ,243.4,339.8
1954/11,351.6 ,340.9 ,330.6 ,243.9,344.6
1954/12,348.3 ,331.9 ,330.6 ,242.6,343.2
1955/01,349.8 ,336.4 ,330.9 ,242.6,342.9
1955/02,353.4 ,342.4 ,330.9 ,243.1,341.9
1955/03,354.4 ,341.3 ,329.9 ,243.9,340.8
1955/04,352.3 ,334.2 ,330.2 ,244.2,336
1955/05,347.3 ,325.5 ,330.2 ,244.8,334.2
1955/06,344.4 ,320.3 ,329.2 ,244.8,331.8
1955/07,346.9 ,321   ,328.1 ,244.8,331.8
1955/08,348.3 ,325.5 ,328.5 ,245  ,334.6
1955/09,350.5 ,330.4 ,330.2 ,245  ,336
1955/10,351.6 ,331.2 ,335.1 ,246.4,336
1955/11,349.8 ,330.8 ,335.1 ,246.9,337.7
1955/12,350.5 ,334.2 ,335.8 ,245  ,338
1956/01,354.8 ,340.6 ,336.2 ,245.8,337
1956/02,358.7 ,345.8 ,335.5 ,250.2,336.3
1956/03,360.2 ,347.7 ,334.8 ,252.3,336
1956/04,364.8 ,353.3 ,339.7 ,254.7,333.2
1956/05,369.8 ,357.1 ,339.3 ,257.7,335.3
1956/06,370.9 ,359.4 ,339.3 ,259.3,333.9
1956/07,372.7 ,365.4 ,339.7 ,259.9,333.2
1956/08,378.4 ,380.4 ,340   ,263.6,333.5
1956/09,389.2 ,397.7 ,341.1 ,267.4,334.9
1956/10,388.1 ,392.4 ,346.3 ,269.8,336.3
1956/11,389.9 ,387.9 ,347.3 ,272.5,344.6
1956/12,391.7 ,390.2 ,351.9 ,275.8,347.4
1957/01,393.8 ,393.2 ,356.8 ,279.8,346.7
1957/02,394.2 ,396.6 ,355.7 ,282.8,344.6
1957/03,393.5 ,401.8 ,355.7 ,283.6,344.3
1957/04,395.2 ,404.5 ,368.6 ,284.2,339.4
1957/05,392.7 ,403.3 ,370   ,284.2,338.4
1957/06,390.9 ,401.1 ,370   ,284.2,337.4
1957/07,385.9 ,392.1 ,370   ,283.9,336.3
1957/08,382.4 ,388.7 ,365.8 ,283.1,335.6
1957/09,382.4 ,388.7 ,366.5 ,282.5,338.4
1957/10,381.6 ,387.6 ,365.1 ,282.3,345.7
1957/11,376.6 ,384.5 ,365.1 ,280.4,349.1
1957/12,370.9 ,379.3 ,363   ,278.8,347.1
1958/01,365.2 ,371.8 ,358.9 ,276.9,343.2
1958/02,358.7 ,365   ,357.1 ,276.3,340.5
1958/03,356.9 ,362.7 ,356.1 ,275.8,339.1
1958/04,357.3 ,360.5 ,350.5 ,274.7,334.2
1958/05,354.4 ,356   ,349.4 ,273.9,333.9
1958/06,350.1 ,351.5 ,348.4 ,272.3,333.5
1958/07,348   ,347.7 ,347   ,271.2,333.2
1958/08,345.8 ,346.6 ,347   ,270.4,333.5
1958/09,343.7 ,346.2 ,346.6 ,269.8,333.5
1958/10,342.6 ,349.2 ,346.3 ,269.3,334.6
1958/11,344.4 ,351.5 ,347.3 ,269.3,338.7
1958/12,345.1 ,355.6 ,348   ,268.2,338.7
1959/01,347.6 ,359.4 ,355.4 ,268  ,337.4
1959/02,350.5 ,359.4 ,355.4 ,266.6,337.7
1959/03,352.3 ,362   ,355   ,266.9,337
1959/04,355.5 ,364.2 ,352.2 ,267.7,332.2
1959/05,354.8 ,363.1 ,352.9 ,268.2,332.2
1959/06,353.7 ,362.7 ,351.9 ,269.6,332.5
1959/07,354.4 ,362.4 ,351.9 ,270.4,332.5
1959/08,358.4 ,365   ,352.2 ,271.5,336.3
1959/09,359.8 ,369.1 ,353.6 ,271.7,338
1959/10,363   ,379.7 ,354.3 ,272  ,341.9
1959/11,364.8 ,378.5 ,355   ,272  ,347.4
1959/12,363.4 ,377.4 ,356.1 ,270.4,347.4
1960/01,362.3 ,375.5 ,351.2 ,270.9,347.4
1960/02,361.2 ,375.9 ,351.5 ,270.9,347.1
1960/03,360.5 ,378.2 ,351.2 ,270.9,346
1960/04,359.8 ,376.7 ,349.4 ,270.7,345.7
1960/05,358.4 ,375.5 ,349.4 ,270.4,345.7
1960/06,356.9 ,374   ,349.1 ,270.1,345.7
1960/07,355.1 ,373.6 ,348   ,269.6,346
1960/08,355.1 ,374   ,348.4 ,269.3,348.1
1960/09,356.6 ,376.7 ,348   ,269  ,347.1
1960/10,356.6 ,377   ,347.3 ,268.8,346.4
1960/11,356.9 ,377   ,347.7 ,268.8,345.7
1960/12,356.6 ,377.4 ,347.7 ,268.8,346.4
1961/01,357.3 ,378.9 ,347.3 ,268.8,347.7
1961/02,358.7 ,382.3 ,345.2 ,268.8,346.7
1961/03,361.9 ,389.8 ,343.1 ,269  ,346.7
1961/04,364.5 ,396.2 ,342.4 ,269  ,347.4
1961/05,365.2 ,399.2 ,341.1 ,270.1,347.1
1961/06,363.7 ,399.2 ,339   ,270.4,348.4
1961/07,364.1 ,401.8 ,337.2 ,269.3,349.1
1961/08,368   ,408.6 ,356.4 ,269.3,350.9
1961/09,368   ,412.7 ,357.5 ,269.3,351.9
1961/10,365.9 ,415   ,356.8 ,269.6,352.9
1961/11,363   ,412   ,357.8 ,269.6,353.6
1961/12,360.9 ,407.9 ,357.5 ,269.6,352.9
1962/01,359.4 ,405.2 ,356.8 ,269.6,352.2
1962/02,359.8 ,406.7 ,356.4 ,269.6,351.9
1962/03,358.7 ,406.3 ,356.4 ,269.3,350.9
1962/04,356.9 ,403.3 ,356.8 ,268.8,347.1
1962/05,354.8 ,399.2 ,355   ,268.8,346.7
1962/06,351.9 ,394.3 ,354.3 ,268  ,346.7
1962/07,351.9 ,393.9 ,351.5 ,267.7,348.8
1962/08,351.9 ,394.3 ,350.5 ,267.4,350.2
1962/09,351.2 ,396.6 ,350.1 ,267.4,350.2
1962/10,350.5 ,396.2 ,350.5 ,267.7,350.5
1962/11,350.1 ,395.4 ,351.2 ,267.4,351.6
1962/12,351.2 ,393.2 ,357.1 ,266.3,359.5
1963/01,354.4 ,393.6 ,356.8 ,265.8,360.2
1963/02,355.5 ,396.9 ,356.1 ,266.1,360.6
1963/03,356.6 ,396.9 ,355.7 ,266.1,359.9
1963/04,356.6 ,395.4 ,354   ,266.1,361.3
1963/05,357.7 ,394.7 ,351.9 ,265.8,361.6
1963/06,359.4 ,393.6 ,350.8 ,265.8,363
1963/07,358.7 ,393.2 ,350.1 ,266.1,363.7
1963/08,359.1 ,395.1 ,350.1 ,265.8,365.8
1963/09,359.4 ,396.6 ,350.1 ,265.3,367.5
1963/10,361.2 ,398.8 ,351.5 ,264.2,369.6
1963/11,363   ,400   ,351.9 ,264.2,369.2
1963/12,362.3 ,398.8 ,351.5 ,263.9,368.9
1964/01,361.9 ,399.6 ,349.1 ,263.4,367.5
1964/02,361.9 ,401.1 ,346.6 ,263.6,365.8
1964/03,360.5 ,400.7 ,344.9 ,263.6,363.7
1964/04,359.1 ,399.2 ,347.3 ,263.6,364.4
1964/05,358   ,396.9 ,348.7 ,263.6,363.3
1964/06,357.7 ,396.9 ,348.7 ,262.8,361.6
1964/07,358   ,397.7 ,352.2 ,262.8,362.3
1964/08,358.7 ,398.5 ,352.2 ,262.8,363.3
1964/09,360.2 ,400.7 ,352.2 ,262.8,364.7
1964/10,360.2 ,403   ,351.5 ,262.6,364.4
1964/11,360.5 ,404.1 ,351.2 ,262.8,365.1
1964/12,360.2 ,405.2 ,351.5 ,262.8,365.4
1965/01,362.1 ,407.9 ,352.5 ,262.6,373.6
1965/02,361.4 ,406.3 ,354.2 ,262.3,374.8
1965/03,359.9 ,403.9 ,354.2 ,262.6,376.3
1965/04,359.9 ,403.1 ,355.3 ,262.9,375.9
1965/05,359.6 ,402.7 ,355.3 ,262.6,375.5
1965/06,358.5 ,399.9 ,355   ,262.9,375.5
1965/07,356.7 ,398.3 ,355   ,262.6,376.3
1965/08,357   ,401.1 ,354.2 ,262.6,378.2
1965/09,358.1 ,403.1 ,354.2 ,262.6,380.8
1965/10,358.1 ,403.5 ,354.6 ,262.3,381.2
1965/11,358.8 ,403.5 ,355   ,262.6,382.3
1965/12,360.3 ,404.7 ,354.6 ,262.6,383.8
1966/01,364.2 ,409.5 ,354.6 ,263.1,386.5
1966/02,368.2 ,418.4 ,354.2 ,264.2,386.9
1966/03,367.8 ,422.4 ,353.9 ,264.4,384.2
1966/04,368.9 ,427.3 ,353.2 ,263.1,384.6
1966/05,369.6 ,429.7 ,351.4 ,263.4,382.7
1966/06,371.4 ,432.5 ,351.1 ,263.7,383.8
1966/07,373.2 ,435.3 ,351.8 ,263.9,382.7
1966/08,373.6 ,440.2 ,351.1 ,264.7,384.2
1966/09,371.8 ,437.8 ,351.1 ,265  ,386.9
1966/10,373.9 ,441   ,350   ,264.7,388.4
1966/11,375.4 ,444.2 ,348.6 ,264.7,387.6
1966/12,376.1 ,446.2 ,349.3 ,264.4,389.1
1967/01,381.5 ,462.8 ,349.3 ,265  ,388
1967/02,381.8 ,462.8 ,350   ,265.5,388.4
1967/03,379.7 ,457.5 ,350.3 ,265.8,389.5
1967/04,376.8 ,450.7 ,349.6 ,266.3,388
1967/05,376.4 ,448.7 ,348.9 ,266.5,388.4
1967/06,376.8 ,450.7 ,348.2 ,266  ,388.4
1967/07,377.2 ,453.9 ,348.9 ,266  ,389.9
1967/08,377.5 ,451.9 ,352.5 ,266.3,393.3
1967/09,378.6 ,451.9 ,353.9 ,266.5,396.3
1967/10,379.7 ,452.7 ,358.1 ,266.5,401.6
1967/11,382.5 ,455.1 ,360.3 ,266.5,402
1967/12,382.5 ,457.1 ,362   ,266.5,403.5
1968/01,382.5 ,456.3 ,361.7 ,267.1,402.7
1968/02,382.9 ,455.9 ,361   ,267.3,404.2
1968/03,382.5 ,457.1 ,359.9 ,267.6,403.1
1968/04,378.2 ,452.7 ,358.9 ,267.9,401.2
1968/05,375.4 ,449.9 ,358.1 ,268.4,408.8
1968/06,375.7 ,451.5 ,353.9 ,268.9,409.2
1968/07,374.3 ,450.3 ,353.5 ,268.9,409.9
1968/08,374.3 ,451.5 ,353.2 ,268.9,410.3
1968/09,376.4 ,455.5 ,352.8 ,268.6,412.9
1968/10,376.8 ,458.3 ,352.5 ,268.4,416
1968/11,377.2 ,458.7 ,351.8 ,267.9,418.6
1968/12,377.2 ,459.5 ,352.1 ,267.9,417.8
1969/01,377.9 ,459.5 ,351.4 ,268.4,416.3
1969/02,378.2 ,459.5 ,350   ,268.6,416.3
1969/03,379   ,459.1 ,349.6 ,268.6,417.8
1969/04,381.1 ,463.2 ,348.9 ,268.4,417.8
1969/05,382.9 ,467.2 ,348.9 ,268.4,418.6
1969/06,384   ,468.8 ,348.6 ,268.9,421.2
1969/07,384.7 ,471.2 ,348.6 ,269.2,421.2
1969/08,387.6 ,476.1 ,348.6 ,269.4,421.6
1969/09,391.2 ,484.9 ,346.4 ,270  ,424.6
1969/10,393   ,487.8 ,346.4 ,270.2,425.4
1969/11,394   ,488.6 ,347.2 ,270.7,425.8
1969/12,397.6 ,493   ,347.5 ,271  ,427.7
1970/01,400.7 ,500.7 ,349   ,271.7,428.6
1970/02,403.5 ,502.7 ,349   ,272  ,429.9
1970/03,405.5 ,502.2 ,348.6 ,272.6,429.4
1970/04,407.5 ,502.7 ,349.7 ,273.4,429.4
1970/05,407.1 ,499.7 ,350.4 ,274.7,428.6
1970/06,403.5 ,492.7 ,351.1 ,274.7,430.3
1970/07,403.1 ,496.7 ,351.8 ,275  ,430.3
1970/08,402.7 ,499.7 ,353.2 ,275.3,432.5
1970/09,401.1 ,496.7 ,355   ,275.3,436.4
1970/10,399.5 ,492.2 ,360   ,275.3,437.7
1970/11,397.1 ,488.3 ,362.1 ,275.6,439
1970/12,395.5 ,485.8 ,363.5 ,275  ,442
1971/01,395.5 ,486.8 ,367   ,275.3,439
1971/02,393.9 ,481.3 ,368.1 ,275  ,439
1971/03,393.4 ,475.8 ,369.9 ,274.7,439.4
1971/04,395.1 ,475.8 ,380.1 ,275.3,440.3
1971/05,394.7 ,476.3 ,383.3 ,275.8,442
1971/06,393.4 ,473.4 ,385.1 ,276.1,442
1971/07,393.9 ,475.3 ,385.4 ,275.8,442.4
1971/08,394.3 ,479.8 ,385.4 ,276.1,445
1971/09,391.8 ,478.3 ,385.1 ,274.7,446.8
1971/10,388.6 ,470.4 ,384   ,274.5,445.9
1971/11,387.4 ,470.4 ,382.2 ,274.2,446.8
1971/12,387   ,473.4 ,381.5 ,273.7,448.1
1972/01,387.8 ,479.3 ,379.8 ,273.7,444.6
1972/02,388.2 ,479.8 ,379.8 ,273.7,445.9
1972/03,389   ,481.3 ,379.4 ,273.9,448.5
1972/04,390.2 ,482.8 ,379.8 ,275.6,448.1
1972/05,390.2 ,482.3 ,379.8 ,275.6,448.5
1972/06,391   ,484.3 ,379.1 ,276.1,447.6
1972/07,391.4 ,489.2 ,378   ,276.7,448.5
1972/08,393.9 ,495.2 ,380.5 ,277.5,451.1
1972/09,397.9 ,499.2 ,379.8 ,277.8,452.8
1972/10,402.3 ,510.1 ,381.2 ,278  ,454.5
1972/11,412.4 ,562.3 ,381.5 ,278.3,457.1
1972/12,422.8 ,596.5 ,381.9 ,278.6,460.2
1973/01,432.5 ,596.5 ,382.9 ,279.7,461.9
1973/02,440.9 ,603.5 ,384   ,282.4,468.8
1973/03,449   ,597.5 ,386.5 ,286  ,483.5
1973/04,450.2 ,597   ,387.9 ,291.5,483.1
1973/05,454.6 ,601.5 ,389   ,295  ,484.8
1973/06,461.4 ,608   ,390   ,298.3,489.6
1973/07,473.9 ,623.4 ,391.4 ,301.6,492.6
1973/08,488   ,658.6 ,392.5 ,304.4,499.1
1973/09,498   ,693.9 ,394.6 ,309  ,505.2
1973/10,510.1 ,706.8 ,406.3 ,315.6,509.1
1973/11,529.4 ,720.2 ,422.6 ,321.6,519
1973/12,579.3 ,786.8 ,459.3 ,338.1,538.5
1974/01,613.1 ,832   ,461.8 ,356.5,563.2
1974/02,636.4 ,835   ,467.1 ,370.2,584.4
1974/03,642.5 ,830   ,518.4 ,374.6,585.3
1974/04,648.1 ,821.5 ,592.3 ,375.9,587
1974/05,651.3 ,816.1 ,595.1 ,378.9,587.9
1974/06,662.2 ,812.6 ,720.6 ,381.4,592.2
1974/07,667.4 ,807.1 ,726.3 ,384.7,601.7
1974/08,675.1 ,810.6 ,726.6 ,385.3,604.3
1974/09,672.2 ,802.2 ,731.2 ,385.5,611.3
1974/10,673.9 ,787.8 ,773.7 ,386.6,621.2
1974/11,675.1 ,774.9 ,777.2 ,388.5,628.6
1974/12,675.5 ,772.4 ,777.2 ,391.8,632
1975/01,674.8 ,771.1 ,781.1 ,392.7,631.9
1975/02,670.8 ,763.6 ,783.5 ,391.9,633.2
1975/03,667.4 ,757.6 ,791.5 ,390.7,635.8
1975/04,668.8 ,758.3 ,792.3 ,392.7,635.8
1975/05,668.1 ,758.3 ,792.3 ,393.1,635.8
1975/06,666.1 ,750.8 ,793.9 ,392.3,637.1
1975/07,667.4 ,744   ,801.9 ,392.7,639
1975/08,672.1 ,747   ,803.5 ,391.9,641.5
1975/09,674.8 ,744.8 ,805.9 ,392.3,646
1975/10,678.9 ,741   ,809.9 ,391.9,649.2
1975/11,680.2 ,735.8 ,811.5 ,391.5,649.9
1975/12,683.6 ,738.8 ,817.9 ,389.9,656.3
1976/01,690.3 ,749.3 ,827.5 ,391.1,664
1976/02,696.3 ,765.1 ,832.2 ,391.9,668.5
1976/03,701.1 ,775.6 ,843.4 ,393.1,669.7
1976/04,706.4 ,783.8 ,844.2 ,393.9,671
1976/05,709.8 ,788.3 ,844.2 ,394.6,671
1976/06,714.5 ,792.1 ,849.8 ,395  ,672.9
1976/07,723.9 ,806.4 ,873   ,396.2,676.1
1976/08,729.3 ,817.6 ,884.2 ,396.6,678.7
1976/09,733.4 ,817.6 ,927.3 ,396.6,683.8
1976/10,735.4 ,815.4 ,931.3 ,398.2,685.1
1976/11,737.4 ,813.9 ,932.9 ,398.2,687
1976/12,737.4 ,813.1 ,934.5 ,398.6,692.2
1977/01,738.1 ,818.4 ,933.7 ,399  ,692.2
1977/02,740.8 ,825.1 ,936.1 ,400.1,695.4
1977/03,740.8 ,825.9 ,936.1 ,401.3,697.3
1977/04,740.8 ,828.1 ,942.5 ,402.1,697.3
1977/05,740.8 ,827.4 ,943.3 ,402.9,700.5
1977/06,736.7 ,825.1 ,944.1 ,403.3,701.8
1977/07,730.7 ,825.9 ,946.5 ,404.8,700.5
1977/08,730.7 ,828.1 ,944.9 ,405.6,703.1
1977/09,730   ,829.6 ,942.5 ,406  ,707.6
1977/10,728   ,836.4 ,940.9 ,406  ,706.9
1977/11,721.2 ,833.4 ,938.5 ,406.4,707.6
1977/12,717.2 ,828.9 ,934.5 ,406  ,707.6
1978/01,716.5 ,831.9 ,931.3 ,406.4,704.3
1978/02,717.2 ,837.9 ,924.9 ,407.2,705
1978/03,715.9 ,846.9 ,912.9 ,408.4,705
1978/04,712.5 ,853.7 ,909.7 ,408.8,704.3
1978/05,712.5 ,856.7 ,907.3 ,409.1,706.3
1978/06,708.5 ,857.4 ,904.9 ,409.1,708.2
1978/07,699   ,858.2 ,896.9 ,409.1,708.2
1978/08,691.6 ,858.9 ,893.7 ,409.5,708.2
1978/09,688.9 ,857.4 ,881   ,409.5,708.2
1978/10,682.9 ,857.4 ,834.6 ,409.9,706.9
1978/11,683.6 ,859.7 ,819.5 ,410.3,705.6
1978/12,689.6 ,870.9 ,816.3 ,409.5,706.3
1979/01,696.3 ,888.9 ,816.3 ,410.7,705
1979/02,705.8 ,904.7 ,817.9 ,410.3,705.6
1979/03,713.8 ,907   ,826.7 ,411.1,706.3
1979/04,731.3 ,915.2 ,873.8 ,411.5,709.5
1979/05,748.8 ,926.5 ,908.9 ,412.7,712
1979/06,761.6 ,949   ,932.1 ,413.1,717.8
1979/07,786.5 ,982   ,988.8 ,413.8,720.4
1979/08,805.3 ,992.6 ,1037.5,414.2,723.6
1979/09,820.1 ,1000.8,1059.9,415.4,729.3
1979/10,832.3 ,1010.6,1075.1,416.2,731.9
1979/11,848.4 ,1011.3,1084.6,417  ,734.5
1979/12,872.6 ,1018.1,1181.3,419.3,739.6
1980/01,909.5 ,1030.8,1239.9,423.7,750.2
1980/02,940.8 ,1047.9,1290.9,425.4,756.4
1980/03,960.4 ,1077.9,1362.6,426.7,761.1
1980/04,996.6 ,1095  ,1616  ,428.9,768.8
1980/05,991.7 ,1103.6,1636.7,430.6,775.8
1980/06,987.8 ,1089.7,1657.4,431.5,779.7
1980/07,993.6 ,1081.1,1690.9,435  ,782
1980/08,1003.4,1074.7,1762.6,437.6,784.4
1980/09,998.5 ,1069.3,1754.7,437.6,786.7
1980/10,985.8 ,1059.7,1702.1,438.4,789
1980/11,985.8 ,1058.6,1705.3,438.9,791.4
1980/12,981.9 ,1055.4,1705.3,438.9,792.9
1981/01,976   ,1047.9,1700.5,440.6,792.1
1981/02,972.1 ,1036.1,1695.7,440.2,792.1
1981/03,972.1 ,1029.7,1694.1,440.2,792.9
1981/04,978   ,1035.1,1708.4,441  ,792.1
1981/05,984.8 ,1037.2,1741.9,442.8,797.6
1981/06,988.8 ,1036.1,1769  ,442.3,793.7
1981/07,992.7 ,1029.7,1810.4,443.2,795.2
1981/08,998.5 ,1027.6,1843.9,443.6,798.3
1981/09,997.6 ,1028.7,1859.8,444.1,800.7
1981/10,995.6 ,1028.7,1829.6,444.1,800.7
1981/11,992.7 ,1029.7,1828  ,444.5,801.5
1981/12,988.8 ,1034  ,1820  ,444.9,803.8
1982/01,989.7 ,1034  ,1823.2,446.6,800.7
1982/02,996.6 ,1032.9,1831.2,447.5,801.5
1982/03,998.5 ,1031.9,1837.5,448.4,802.2
1982/04,1001.5,1031.9,1851.9,448.4,803.8
1982/05,994.6 ,1028.7,1850.3,448.4,803.8
1982/06,996.6 ,1024.4,1856.7,448.4,804.6
1982/07,1004.4,1024.4,1906.1,449.2,805.3
1982/08,1010.3,1026.5,1941.1,449.7,807.7
1982/09,1014.2,1027.6,1955.5,450.5,810
1982/10,1015.2,1029.7,1925.2,451  ,810
1982/11,1014.2,1030.8,1925.2,451.8,809.2
1982/12,1001.5,1029.7,1909.3,450.5,808.4
1983/01,992.7 ,1026.5,1899.7,450.1,803.8
1983/02,993.6 ,1023.3,1898.1,449.7,804.6
1983/03,985.8 ,1019  ,1891.7,449.7,805.3
1983/04,977   ,1018  ,1823.2,449.7,799.9
1983/05,971.2 ,1016.9,1812  ,449.2,804.6
1983/06,973.1 ,1014.7,1813.6,448.8,806.9
1983/07,976   ,1016.9,1850.3,449.2,806.9
1983/08,973.1 ,1018  ,1773.8,449.2,806.9
1983/09,974.1 ,1021.2,1772.2,448.8,807.7
1983/10,965.3 ,1022.2,1726  ,448.8,807.7
1983/11,966.3 ,1025.4,1726  ,447.9,808.4
1983/12,967.2 ,1025.4,1726  ,448.8,810
1984/01,967.2 ,1026.5,1721.2,448.4,809.2
1984/02,968.2 ,1028.7,1721.2,448.4,812.3
1984/03,966.3 ,1031.9,1716.4,448.4,809.2
1984/04,965.3 ,1031.9,1713.2,448.4,808.4
1984/05,966.3 ,1034  ,1714.8,448.8,810.8
1984/06,965.3 ,1030.8,1714.8,449.2,810
1984/07,970.2 ,1031.9,1757.9,449.2,811.5
1984/08,970.2 ,1032.9,1761  ,449.7,813.1
1984/09,972.1 ,1037.2,1772.2,449.7,813.9
1984/10,968.2 ,1037.2,1737.1,450.1,812.3
1984/11,967.2 ,1032.9,1733.9,450.1,813.1
1984/12,967.2 ,1030.8,1730.8,450.1,813.9
1985/01,977.8 ,1031.1,1754.5,451.7,817
1985/02,978.8 ,1031.1,1761.4,451.7,817.8
1985/03,975   ,1029.1,1752.8,451.7,813.7
1985/04,970.2 ,1025  ,1747.6,451.2,813.7
1985/05,963.5 ,1018.9,1740.7,451.7,812.1
1985/06,957.8 ,1017.9,1735.5,450.8,811.3
1985/07,954   ,1016.8,1771.8,450.3,810.5
1985/08,947.3 ,1015.8,1758  ,449.9,810.5
1985/09,943.5 ,1015.8,1747.6,449  ,809.7
1985/10,926.4 ,1013.8,1685.2,447.2,807.2
1985/11,917.8 ,1012.8,1669.6,446.8,805.6
1985/12,914   ,1011.7,1659.3,446.3,806.4
1986/01,912.1 ,1010.7,1657.5,445  ,804
1986/02,895.9 ,1006.6,1626.3,444.1,803.2
1986/03,875.9 ,1001.5,1579.6,443.6,802.4
1986/04,857.8 ,998.5 ,1524.2,442.7,797.5
1986/05,845.5 ,993.4 ,1501.6,441.8,797.5
1986/06,834   ,992.4 ,1399.5,440.5,796.7
1986/07,823.6 ,990.3 ,1415  ,439.1,794.3
1986/08,815   ,988.3 ,1401.2,437.3,791
1986/09,807.4 ,990.3 ,1311.1,436  ,790.2
1986/10,798.8 ,989.3 ,1219.3,434.6,786.1
1986/11,798.8 ,990.3 ,1221.1,434.2,786.1
1986/12,798.8 ,989.3 ,1222.8,433.7,787
1987/01,794.1 ,988.3 ,1191.6,432.8,782.9
1987/02,794.1 ,986.2 ,1196.8,432.4,781.3
1987/03,796   ,984.2 ,1219.3,431.5,781.3
1987/04,792.1 ,981.1 ,1222.8,430.6,778
1987/05,791.2 ,977.1 ,1222.8,429.7,776.4
1987/06,795   ,983.2 ,1226.3,428.8,776.4
1987/07,805.5 ,1000.5,1273  ,428.8,775.6
1987/08,810.2 ,1019.9,1274.8,428.8,775.6
1987/09,813.1 ,1037.2,1281.7,428.8,774.8
1987/10,813.1 ,1044.4,1238.4,428.3,773.2
1987/11,811.2 ,1043.4,1233.2,428.3,770.7
1987/12,807.4 ,1038.3,1228  ,427.9,771.5
1988/01,798.8 ,1035.2,1153.5,427.9,767.5
1988/02,796.9 ,1031.1,1153.5,427.4,767.5
1988/03,797.9 ,1032.1,1150  ,427.4,766.7
1988/04,796   ,1027  ,1144.9,427.9,761.8
1988/05,795   ,1023  ,1143.1,427.9,761
1988/06,797.9 ,1024  ,1143.1,427.9,760.2
1988/07,802.6 ,1024  ,1172.6,428.3,761
1988/08,802.6 ,1024  ,1177.8,428.3,761
1988/09,803.6 ,1025  ,1176  ,428.8,761.8
1988/10,799.8 ,1023  ,1137.9,428.8,760.2
1988/11,795   ,1018.9,1124.1,429.2,756.9
1988/12,795   ,1018.9,1122.3,429.2,756.9
1989/01,797.9 ,1021.9,1127.5,429.7,754.5
1989/02,800.7 ,1027  ,1134.5,429.7,757.8
1989/03,803.6 ,1033.2,1134.5,430.1,759.4
1989/04,807.4 ,1040.3,1115.4,430.6,765.1
1989/05,813.1 ,1046.4,1131  ,431  ,765.9
1989/06,816.9 ,1053.6,1134.5,431.5,767.5
1989/07,819.8 ,1057.6,1174.3,431.9,766.7
1989/08,820.7 ,1060.7,1174.3,431.9,765.9
1989/09,823.6 ,1063.8,1189.9,432.8,766.7
1989/10,817.9 ,1060.7,1157  ,433.3,765.1
1989/11,815.9 ,1059.7,1158.7,433.3,765.1
1989/12,815.9 ,1060.7,1160.4,433.7,765.9
1990/01,819.6 ,1065.1,1171.3,434.8,768.7
1990/02,820.5 ,1066.1,1181.1,435.2,769.5
1990/03,825.5 ,1069.4,1188.4,435.7,771.1
1990/04,827.9 ,1072.6,1189.6,437  ,770.3
1990/05,825.5 ,1075.8,1181.1,437  ,768.7
1990/06,823   ,1078  ,1175  ,437  ,770.3
1990/07,823.8 ,1076.9,1204.2,437  ,770.3
1990/08,826.3 ,1076.9,1216.4,437.4,773.4
1990/09,833.7 ,1081.2,1266.5,436.5,774.9
1990/10,839.6 ,1082.3,1282.3,435.7,777.2
1990/11,843.7 ,1086.6,1298.2,434.8,778.8
1990/12,846.2 ,1090.9,1287.2,435.2,778
1991/01,844.5 ,1096.3,1271.3,435.2,777.2
1991/02,837.9 ,1099.5,1239.6,434.8,778
1991/03,835.4 ,1101.7,1225  ,434.8,778.8
1991/04,832.1 ,1101.7,1211.6,435.2,777.2
1991/05,830.4 ,1102.7,1207.9,435.2,778.8
1991/06,829.6 ,1101.7,1207.9,435.2,778.8
1991/07,827.9 ,1101.7,1223.8,434.8,778.8
1991/08,826.3 ,1101.7,1221.3,435.2,778.8
1991/09,823.8 ,1100.6,1211.6,434.8,778.8
1991/10,818.8 ,1103.8,1175  ,434.4,779.6
1991/11,818   ,1104.9,1179.8,434.8,781.1
1991/12,816.3 ,1104.9,1178.6,434.8,782.6
1992/01,809.7 ,1102.7,1162.8,434.8,781.9
1992/02,809.7 ,1102.7,1155.4,434.4,784.2
1992/03,810.5 ,1103.8,1154.2,434.8,784.2
1992/04,808.9 ,1102.7,1150.6,435.2,784.2
1992/05,808   ,1101.7,1151.8,435.2,784.2
1992/06,805.5 ,1099.5,1154.2,434.8,783.4
1992/07,808.9 ,1098.4,1198.1,434.8,783.4
1992/08,808   ,1097.4,1201.8,435.2,784.2
1992/09,804.7 ,1095.2,1200.6,434.8,784.2
1992/10,798.9 ,1093.1,1157.9,433.9,781.9
1992/11,798.9 ,1094.1,1159.1,433.5,781.1
1992/12,798.9 ,1096.3,1155.4,433  ,781.1
1993/01,798.9 ,1099.5,1151.8,433  ,778
1993/02,796.4 ,1103.8,1143.2,433  ,777.2
1993/03,792.3 ,1103.8,1133.5,432.2,774.9
1993/04,788.9 ,1101.7,1131  ,431.3,774.9
1993/05,786.5 ,1101.7,1128.6,430.9,773.4
1993/06,783.1 ,1098.4,1123.7,430  ,770.3
1993/07,782.3 ,1094.1,1155.4,429.6,769.5
1993/08,775.7 ,1087.7,1142  ,429.1,768
1993/09,772.4 ,1081.2,1135.9,429.1,768.7
1993/10,766.6 ,1076.9,1094.4,428.3,768.7
1993/11,764.9 ,1073.7,1081  ,427.8,768
1993/12,765.7 ,1072.6,1078.6,427.4,768.7
1994/01,764.9 ,1072.6,1072.5,427.4,768
1994/02,763.2 ,1069.4,1070  ,426.9,766.4
1994/03,760.7 ,1065.1,1061.5,426.5,765.6
1994/04,758.3 ,1062.9,1056.6,425.6,764.1
1994/05,759.1 ,1064  ,1060.3,424.8,764.9
1994/06,760.7 ,1066.1,1065.1,423.9,764.1
1994/07,761.6 ,1067.2,1104.2,422.6,762.6
1994/08,763.2 ,1070.4,1110.3,421.7,762.6
1994/09,764.1 ,1072.6,1111.5,420.8,761.8
1994/10,760.7 ,1071.5,1068.8,420  ,757.9
1994/11,762.4 ,1071.5,1067.6,419.5,755.6
1994/12,765.7 ,1071.5,1070  ,419.5,756.4
1995/01,769.2 ,1072.6,1072.9,423.1,757.4
1995/02,769.2 ,1073.7,1075  ,421.4,756.6
1995/03,766.1 ,1073.7,1071.8,417.7,752.9
1995/04,760   ,1070.5,1060  ,415.2,749.1
1995/05,758.5 ,1066.2,1055.7,414.8,747.6
1995/06,757   ,1060.9,1056.7,414.4,746.8
1995/07,758.5 ,1056.7,1096.5,414.4,746.8
1995/08,760.8 ,1056.7,1097.6,413.9,748.3
1995/09,763.8 ,1059.8,1105.2,413.9,750.6
1995/10,761.5 ,1058.8,1069.6,413.5,749.1
1995/11,762.3 ,1059.8,1075  ,412.7,750.6
1995/12,761.5 ,1059.8,1077.2,412.3,750.6
1996/01,763.1 ,1059.8,1062.1,412.7,749.1
1996/02,763.1 ,1060.9,1070.7,411  ,749.1
1996/03,761.5 ,1060.9,1078.3,409.4,747.6
1996/04,763.1 ,1060.9,1081.5,409  ,745.3
1996/05,760.8 ,1058.8,1085.8,407.7,744.6
1996/06,758.5 ,1057.7,1089  ,407.7,744.6
1996/07,761.5 ,1057.7,1135.3,406.5,744.6
1996/08,760   ,1059.8,1136.4,405.6,742.3
1996/09,760.8 ,1063  ,1142.8,404.8,743.8
1996/10,760.8 ,1068.4,1118.1,404.4,743.8
1996/11,765.3 ,1073.7,1133.1,404  ,744.6
1996/12,768.4 ,1076.9,1147.1,404.4,746.1
1997/01,773   ,1077.9,1156.8,404.8,744.6
1997/02,778.3 ,1077.9,1175.1,404.8,747.6
1997/03,777.5 ,1076.9,1181.6,404.4,745.3
1997/04,777.5 ,1074.7,1174  ,404  ,745.3
1997/05,773   ,1072.6,1157.9,402.7,741.6
1997/06,768.4 ,1070.5,1146  ,401.5,737.1
1997/07,769.2 ,1068.4,1182.6,401.1,736.3
1997/08,768.4 ,1066.2,1177.3,400.6,734.8
1997/09,768.4 ,1063  ,1177.3,401.1,735.6
1997/10,763.8 ,1058.8,1139.6,400.6,733.3
1997/11,764.6 ,1056.7,1149.3,401.1,734.8
1997/12,766.9 ,1055.6,1162.2,400.6,737.1
1998/01,763.8 ,1052.4,1153.6,400.2,734.8
1998/02,753.9 ,1047.1,1112.7,399.4,733.3
1998/03,748.6 ,1041.8,1076.1,399.4,731.1
1998/04,746.3 ,1038.6,1066.4,399  ,730.3
1998/05,746.3 ,1037.5,1066.4,399.4,731.8
1998/06,747.8 ,1037.5,1072.9,399.4,734.8
1998/07,747.8 ,1036.4,1107.3,399.4,734.8
1998/08,747.8 ,1037.5,1107.3,399  ,735.6
1998/09,742.5 ,1034.3,1100.9,397.3,734.8
1998/10,731   ,1030  ,1050.3,394.4,729.6
1998/11,728   ,1029  ,1049.2,392.7,728.1
1998/12,724.2 ,1027.9,1044.9,391.9,728.8
1999/01,717.3 ,1026.9,1026.6,390.7,725.1
1999/02,717.3 ,1024.7,1023.4,390.7,725.1
1999/03,716.6 ,1024.7,1022.3,390.2,725.1
1999/04,716.6 ,1022.6,1020.1,389.8,724.3
1999/05,720.4 ,1022.6,1038.4,389.4,725.1
1999/06,721.1 ,1021.5,1046  ,388.6,724.3
1999/07,726.5 ,1021.5,1089  ,388.2,723.6
1999/08,725.7 ,1019.4,1103  ,386.9,722.8
1999/09,724.9 ,1017.3,1108.4,385.7,720.6
1999/10,726.5 ,1014.1,1092.2,384.8,718.3
1999/11,727.2 ,1014.1,1095.5,384  ,717.6
1999/12,728   ,1014.1,1101.9,383.2,716.8
2000/01,737.1 ,1018.2,1120.6,387.8,718.5
2000/02,741.6 ,1019.2,1131.1,387.8,720.6
2000/03,739.4 ,1016.1,1138.1,385.6,718.5
2000/04,737.1 ,1014.1,1152.2,383.7,714.9
2000/05,737.1 ,1015.1,1146.3,382.2,713.5
2000/06,736.4 ,1013.1,1153.3,380.6,712.8
2000/07,742.3 ,1013.1,1218.8,379.5,712.1
2000/08,743.8 ,1012.1,1222.3,377.6,711.4
2000/09,742.3 ,1011.1,1220  ,374.6,708.5
2000/10,740.8 ,1012.1,1172  ,373  ,707.1
2000/11,740.8 ,1012.1,1177.9,371.5,707.1
2000/12,743.8 ,1014.1,1184.9,370  ,708.5
2001/01,740.8 ,1017.1,1180.2,368.9,707.8
2001/02,737.9 ,1016.1,1179.1,368.1,707.1
2001/03,741.6 ,1017.1,1190.8,368.9,707.8
2001/04,740.1 ,1014.1,1203.6,367.4,706.4
2001/05,737.9 ,1012.1,1202.5,365.1,705
2001/06,736.4 ,1009  ,1204.8,363.2,703.5
2001/07,737.9 ,1006  ,1250.4,361.7,703.5
2001/08,732   ,1002.9,1244.6,359.8,702.1
2001/09,726.8 ,1001.9,1239.9,358.6,700
2001/10,721.6 ,999.9 ,1202.5,357.5,699.3
2001/11,717.2 ,1000.9,1194.3,356  ,697.8
2001/12,718.6 ,1004  ,1193.1,356.7,697.8
2002/01,718.6 ,1004  ,1182.6,356.7,697.8
2002/02,720.1 ,1006  ,1188.4,356.4,697.8
2002/03,719.4 ,1007  ,1187.2,355.2,695.7
2002/04,723.1 ,1005  ,1181.4,354.1,694.3
2002/05,722.3 ,1001.9,1191.9,352.6,692.1
2002/06,720.1 ,1002.9,1191.9,350.7,688.6
2002/07,717.2 ,1001.9,1218.8,348.8,685
2002/08,717.9 ,1001.9,1220  ,347.6,684.3
2002/09,719.4 ,1002.9,1220  ,346.9,685
2002/10,721.6 ,1004  ,1184.9,345.3,686.4
2002/11,721.6 ,1004  ,1193.1,344.2,685.7
2002/12,719.4 ,1005  ,1193.1,343.4,684.3
2003/01,721.6 ,1007  ,1195.4,342.3,680.7
2003/02,726.8 ,1010  ,1208.3,341.6,682.1
2003/03,729.7 ,1013.1,1218.8,340.4,681.4
2003/04,726.8 ,1014.1,1217.7,338.9,680
2003/05,719.4 ,1013.1,1197.8,337.8,677.9
2003/06,720.1 ,1015.1,1181.4,336.2,677.2
2003/07,723.1 ,1014.1,1222.3,336.2,678.6
2003/08,724.6 ,1015.1,1224.7,335.9,678.6
2003/09,723.1 ,1016.1,1221.2,334.7,677.9
2003/10,715.7 ,1017.1,1175.5,332.8,677.2
2003/11,717.9 ,1020.2,1176.7,332.4,676.4
2003/12,720.1 ,1021.2,1174.4,331.7,677.9
2004/01,723.8 ,1026.3,1174.4,331.3,677.9
2004/02,729   ,1036.4,1179.1,330.5,677.2
2004/03,735.7 ,1050.6,1186.1,330.5,675.7
2004/04,740.1 ,1057.7,1201.3,329.4,673.6
2004/05,746.8 ,1062.8,1214.1,330.2,675.7
2004/06,749   ,1064.8,1234  ,329  ,675.7
2004/07,754.9 ,1069.9,1280.8,328.6,674.3
2004/08,757.9 ,1070.9,1285.5,328.3,674.3
2004/09,761.6 ,1073.9,1307.7,327.5,675
2004/10,762.3 ,1081  ,1277.3,327.1,673.6
2004/11,762.3 ,1082  ,1287.8,325.2,671.5
2004/12,760.1 ,1081  ,1275  ,324.5,670
2005/01,758.4 ,1088.7,1258.9,324.9,669.9
2005/02,763.2 ,1088.6,1263.8,324.3,672.2
2005/03,768.9 ,1090.2,1281.2,324.5,672.5
2005/04,785.5 ,1096.9,1334.8,324.9,674.9
2005/05,785.3 ,1097.9,1343.6,322.9,673.1
2005/06,785.6 ,1099.2,1339.7,322.5,671.8
2005/07,799.6 ,1103.2,1405.1,322.6,673.9
2005/08,803.5 ,1102.9,1424.4,321.9,673.3
2005/09,808.4 ,1102.9,1439.2,321.9,674.8
2005/10,817.5 ,1108.6,1443.4,321.9,676.5
2005/11,821.3 ,1110.6,1451.1,321.6,677
2005/12,821.1 ,1109.1,1454.9,321.9,678.2
2006/01,822.3 ,1110.6,1478.2,321.2,674.8
2006/02,834   ,1113  ,1501.4,321.6,677.8
2006/03,834.5 ,1116.7,1501.1,321.8,675.5
2006/04,842.3 ,1119  ,1504.8,321.9,672.7
2006/05,848.5 ,1124  ,1515.4,320.6,668.2
2006/06,854   ,1129.4,1522.3,320.8,669.6
2006/07,864.2 ,1136.1,1567.7,320.9,671.6
2006/08,872.4 ,1138.8,1593.2,320.8,673.3
2006/09,875.9 ,1142.5,1596.7,321.3,674.9
2006/10,866.9 ,1150.3,1525.4,321.6,672.9
2006/11,860.5 ,1152.8,1495.9,321.1,671.4
2006/12,862   ,1154.7,1494.2,320.9,672.2
2007/01,868.4 ,1161.7,1496.8,320.9,670.9
2007/02,862.8 ,1165.2,1480.7,320.7,670.5
2007/03,865.5 ,1168  ,1482.1,319.8,668.5
2007/04,882.3 ,1176  ,1515.1,320.2,671
2007/05,895.3 ,1177.8,1558  ,320.2,674.3
2007/06,900.3 ,1178.1,1579.7,320  ,675.8
2007/07,906.4 ,1177.7,1634.5,320.6,676.3
2007/08,901.8 ,1176.7,1637.8,319  ,674.3
2007/09,898.5 ,1173.8,1622.3,318.6,673.4
2007/10,911.1 ,1177  ,1638.9,318.8,675.9
2007/11,910.2 ,1173.6,1676.6,317.2,676.4
2007/12,923.6 ,1172.2,1715.1,317.2,680.9
2008/01,922   ,1174.9,1732  ,316.7,676.9
2008/02,930.2 ,1188.1,1728.3,316.9,679.5
2008/03,928.8 ,1201  ,1735.6,316  ,678.4
2008/04,962.4 ,1237.7,1795  ,316.4,672.2
2008/05,984.5 ,1247.4,1888.6,316  ,683.1
2008/06,1018  ,1261.9,1982.7,316.4,689.5
2008/07,1050.4,1279  ,2157.8,317.8,694.1
2008/08,1058.6,1290.1,2178.9,318.1,695.2
2008/09,1027.4,1288.8,2116.6,317.7,691.1
2008/10,969   ,1279.2,1901.5,316.4,679.1
2008/11,913.9 ,1263.5,1740  ,315.3,665.8
2008/12,872.7 ,1244.9,1601.9,313.3,655.9
2009/01,846.9 ,1226.2,1579.2,311.9,650.7
2009/02,844.5 ,1213.2,1552.1,311.4,651.9
2009/03,849.1 ,1209.6,1553.6,312  ,654.1
2009/04,841.9 ,1197.2,1507.4,311.6,654.4
2009/05,831.9 ,1191.8,1439.9,310.7,654.2
2009/06,835.1 ,1187.1,1431.1,310.9,654
2009/07,845.6 ,1183.1,1493.3,309.5,652.3
2009/08,848.1 ,1182.5,1491.5,308.9,652.3
2009/09,846   ,1180.2,1491.3,307.9,651.9
2009/10,836.6 ,1174.5,1453.9,307.6,650.2
2009/11,839.4 ,1170.5,1459.6,307.8,649.6
2009/12,846.7 ,1166.4,1486.2,308.3,650.3
2010/01,857.3 ,1169.6,1507  ,309.4,654.3
2010/02,857.7 ,1167.2,1522.5,308.4,653.2
2010/03,857.6 ,1173.1,1533.7,307.8,652.4
2010/04,877.6 ,1188.5,1567.5,306.5,650.9
2010/05,881.3 ,1194.6,1593.5,305.7,647.7
2010/06,871.9 ,1198.9,1580.7,306.6,644.9
2010/07,867   ,1195.1,1606.4,304.4,641
2010/08,862.1 ,1188.2,1605.2,303.7,637.8
2010/09,861.5 ,1184.4,1587.3,302.6,637.2
2010/10,853.7 ,1181  ,1545.6,302  ,641.9
2010/11,860.5 ,1177.3,1552.2,301.1,642.2
2010/12,870.5 ,1181.6,1576  ,301.7,644.9
2011/01,881.8 ,1188.5,1613.5,300.1,645
2011/02,888.9 ,1190.2,1628.8,298.9,645
2011/03,899   ,1199.3,1682.4,298.7,649
2011/04,922.9 ,1213.8,1736.5,298.4,652.7
2011/05,925.7 ,1214.3,1747.6,297.5,647.3
2011/06,920.6 ,1214.6,1759  ,298  ,645.4
2011/07,923.9 ,1214.8,1818.1,297.8,643.9
2011/08,918.9 ,1213  ,1815.2,297.7,641.4
2011/09,912   ,1209.6,1807.7,297.4,639.1
2011/10,902.8 ,1210.2,1777.3,297.1,637
2011/11,901.7 ,1203.1,1800  ,296.5,637.1
2011/12,903.7 ,1201.9,1806.3,296  ,636.7
2012/01,898.4 ,1198.8,1816.9,297.5,634.4
2012/02,904.7 ,1197.5,1824.5,297.3,638
2012/03,923.5 ,1197.5,1904.9,299.5,646.2
2012/04,924.6 ,1199.4,1920.2,299.1,642.2
2012/05,914.2 ,1199.6,1881.5,298.4,636.5
2012/06,901.5 ,1197.9,1849.8,296.3,632
2012/07,890.7 ,1193.2,1864.5,294.4,628.4
2012/08,892.1 ,1190.8,1890.2,294.3,629.5
2012/09,898   ,1192.2,1914.4,294.3,632.7
2012/10,891.7 ,1191.2,1839.2,296  ,634.2
2012/11,894.8 ,1190.5,1846.2,295.9,634.5
2012/12,904   ,1192.6,1874.8,297.6,638.8
2013/01,921.9 ,1201.7,1923.7,298.4,642
2013/02,937.8 ,1213.6,1965.2,298.9,647.3
2013/03,943.2 ,1217.8,1970.9,300.6,648.4
2013/04,951.4 ,1236.3,2015.7,300.9,650.2
2013/05,956.4 ,1242  ,2029.3,300.2,650.5
2013/06,947   ,1240.1,2041  ,299.8,647.4
2013/07,956   ,1246.3,2123.6,299.7,650.1
2013/08,954.3 ,1249.6,2120.6,299.2,650.8
2013/09,963.1 ,1256.1,2132.6,301  ,652.8
2013/10,958.5 ,1263.7,2091.6,299.9,652.1
2013/11,963.1 ,1270.6,2096.2,301.9,653
2013/12,975.7 ,1278.8,2132.1,302.1,658
2014/01,981.2 ,1284.3,2159.2,302.8,656.7
2014/02,975   ,1287.5,2143.8,301.3,654.5
2014/03,973.2 ,1286.4,2153  ,301.9,655.1
2014/04,974.6 ,1290.5,2189.3,301.5,653.4
2014/05,974.2 ,1289.8,2201.3,301.6,652
2014/06,976   ,1290.7,2207.6,301.6,652.6
2014/07,979.4 ,1289.3,2251  ,301.1,652.8
2014/08,980   ,1289.3,2239.2,302  ,653
2014/09,984.5 ,1294.8,2234.9,303.6,656.9
2014/10,970.3 ,1294.9,2145  ,304  ,654.6
2014/11,975.1 ,1295.3,2149.6,306.7,658.5
2014/12,963.7 ,1297.5,2098.7,307.6,656.6
2015/01,929.2 ,1298.4,2009.5,306.7,650
2015/02,907.5 ,1297.2,1971  ,307.1,650.2
2015/03,915.4 ,1296  ,1981.1,306.7,653
2015/04,908.6 ,1295.4,1940.4,306.6,655.4
2015/05,911.2 ,1295.6,1944.1,306.8,658.1
2015/06,917.3 ,1296.3,1912  ,307.6,661.5
2015/07,909.4 ,1294.2,1881.5,307.2,659.1
2015/08,895.3 ,1294.9,1810.9,306.6,656.1
2015/09,878.1 ,1289.3,1767.4,305.8,653
2015/10,866.8 ,1283.7,1711.5,305.3,653.2
2015/11,867.4 ,1282.1,1714.8,306.8,654.1
2015/12,857   ,1279.5,1680.3,305.4,651.2
2016/01,834.1 ,1269.4,1598.2,303.3,641.7
2016/02,819.5 ,1264.3,1551.9,302.6,638
2016/03,814.8 ,1259.5,1512.1,302.3,636
2016/04,810.4 ,1256.1,1496.9,301.4,632.2
2016/05,811.2 ,1260.1,1500.3,300.4,631.3
2016/06,809.3 ,1258.9,1497.1,299.6,629.8
2016/07,811   ,1257.2,1521  ,298.9,625.7
2016/08,805   ,1252.5,1496.5,296.9,622.8
2016/09,807.5 ,1254.4,1501.5,297.4,624
2016/10,809.6 ,1256.1,1492  ,297.3,625.1
2016/11,827.6 ,1261.6,1533.5,298.9,628.9
2016/12,844.6 ,1271.4,1607.4,301.5,636.2
2017/01,858.1 ,1281.1,1652.3,300.8,634.2
2017/02,863.1 ,1283.2,1666.6,299.6,634.2
2017/03,867.7 ,1285.5,1694.8,299.7,635.4
2017/04,864.4 ,1289.2,1694  ,300.1,633.9
2017/05,868.6 ,1295.2,1715.8,299.5,633.5
2017/06,864.7 ,1295.6,1704.1,299.1,632.5
2017/07,866   ,1299.3,1741  ,300.9,633.7
2017/08,863.7 ,1298.5,1737.4,300.1,631.7
2017/09,871.9 ,1303.7,1761.7,300.1,633.6
2017/10,882.4 ,1311.1,1762.5,301.5,637.4
2017/11,888.2 ,1314.4,1790.8,301.5,641.1
2017/12,895.9 ,1317.8,1805  ,301.9,642.2
2018/01,899.9 ,1325  ,1831.8,299.9,639.3
2018/02,901.8 ,1325.3,1834.3,298.8,636.8
2018/03,896.6 ,1324.9,1830.8,298.6,633.8
2018/04,903.5 ,1336.8,1860.9,299.4,632.2
2018/05,917.1 ,1340.4,1919.4,300.4,635.4
2018/06,926.1 ,1346.3,1951.1,300.4,637
2018/07,933.5 ,1349.5,2005.2,300.6,637.9
2018/08,931.9 ,1351.3,2018  ,300.4,637.2
2018/09,935.5 ,1355.5,2054.5,300.9,638.8
2018/10,      ,      ,      ,     ,
2018/11,      ,      ,      ,     ,
2018/12,      ,      ,      ,     ,
